-- phpMyAdmin SQL Dump
-- version 4.5.2
-- http://www.phpmyadmin.net
--
-- Host: localhost
-- Generation Time: May 03, 2016 at 07:15 PM
-- Server version: 10.1.13-MariaDB
-- PHP Version: 5.6.20

SET SQL_MODE = "NO_AUTO_VALUE_ON_ZERO";
SET time_zone = "+00:00";


/*!40101 SET @OLD_CHARACTER_SET_CLIENT=@@CHARACTER_SET_CLIENT */;
/*!40101 SET @OLD_CHARACTER_SET_RESULTS=@@CHARACTER_SET_RESULTS */;
/*!40101 SET @OLD_COLLATION_CONNECTION=@@COLLATION_CONNECTION */;
/*!40101 SET NAMES utf8mb4 */;

--
-- Database: `wp_assignment_semi`
--
CREATE DATABASE IF NOT EXISTS `wp_assignment_semi` DEFAULT CHARACTER SET utf8 COLLATE utf8_general_ci;
USE `wp_assignment_semi`;

-- --------------------------------------------------------

--
-- Table structure for table `district`
--

CREATE TABLE `district` (
  `id` int(2) NOT NULL,
  `name` varchar(10) CHARACTER SET utf8 COLLATE utf8_vietnamese_ci NOT NULL
) ENGINE=InnoDB DEFAULT CHARSET=latin1;

--
-- Dumping data for table `district`
--

INSERT INTO `district` (`id`, `name`) VALUES
(1, 'Quận 1'),
(2, 'Quận 2'),
(3, 'Quận 3'),
(4, 'Quận 4'),
(5, 'Quận 5'),
(6, 'Quận 6'),
(7, 'Quận 7'),
(8, 'Quận 8'),
(9, 'Quận 9'),
(10, 'Quận 10'),
(11, 'Quận 11'),
(12, 'Quận 12'),
(13, 'Bình Tân'),
(14, 'Bình Thạnh'),
(15, 'Gò Vấp'),
(16, 'Phú Nhuận'),
(17, 'Tân Bình'),
(18, 'Tân Phú'),
(19, 'Thủ Đức'),
(20, 'Bình Chánh'),
(21, 'Cần Giờ'),
(22, 'Củ Chi'),
(23, 'Hóc Môn'),
(24, 'Nhà Bè');

-- --------------------------------------------------------

--
-- Table structure for table `gallery`
--

CREATE TABLE `gallery` (
  `id` int(11) NOT NULL,
  `name` binary(16) NOT NULL,
  `data` mediumblob NOT NULL,
  `width` int(11) NOT NULL,
  `height` int(11) NOT NULL,
  `created` datetime NOT NULL,
  `updated` datetime NOT NULL,
  `is_deleted` tinyint(1) NOT NULL
) ENGINE=InnoDB DEFAULT CHARSET=latin1;

-- --------------------------------------------------------

--
-- Table structure for table `house`
--

CREATE TABLE `house` (
  `id` int(11) NOT NULL,
  `type_of_house_id` int(1) NOT NULL,
  `location_id` int(11) DEFAULT NULL,
  `price` decimal(10,0) DEFAULT NULL,
  `area` decimal(10,0) DEFAULT NULL,
  `address` varchar(200) CHARACTER SET utf8 COLLATE utf8_vietnamese_ci DEFAULT NULL,
  `number_of_floor` decimal(10,0) DEFAULT NULL,
  `number_of_room` int(11) DEFAULT NULL,
  `number_of_restroom` int(11) DEFAULT NULL,
  `post_title` varchar(200) CHARACTER SET utf8 COLLATE utf8_vietnamese_ci NOT NULL,
  `post_description` varchar(3000) CHARACTER SET utf8 COLLATE utf8_vietnamese_ci NOT NULL,
  `contact_name` varchar(200) CHARACTER SET utf8 COLLATE utf8_vietnamese_ci NOT NULL,
  `contact_address` varchar(200) CHARACTER SET utf8 COLLATE utf8_vietnamese_ci DEFAULT NULL,
  `telephone_number` varchar(12) CHARACTER SET ascii DEFAULT NULL,
  `mobile_number` varchar(12) CHARACTER SET ascii NOT NULL,
  `email` varchar(50) DEFAULT NULL,
  `user_id` int(11) DEFAULT NULL,
  `is_use_user_contact` tinyint(1) DEFAULT NULL,
  `picture1_id` int(11) DEFAULT NULL,
  `picture2_id` int(11) DEFAULT NULL,
  `created` datetime DEFAULT NULL,
  `updated` datetime DEFAULT NULL,
  `is_deleted` tinyint(1) DEFAULT NULL,
  `status` int(11) DEFAULT NULL
) ENGINE=InnoDB DEFAULT CHARSET=latin1;

--
-- Dumping data for table `house`
--

INSERT INTO `house` (`id`, `type_of_house_id`, `location_id`, `price`, `area`, `address`, `number_of_floor`, `number_of_room`, `number_of_restroom`, `post_title`, `post_description`, `contact_name`, `contact_address`, `telephone_number`, `mobile_number`, `email`, `user_id`, `is_use_user_contact`, `picture1_id`, `picture2_id`, `created`, `updated`, `is_deleted`, `status`) VALUES
(1, 5, NULL, NULL, NULL, NULL, NULL, NULL, NULL, 'Phòng trọ giá rẻ Q.11', 'Phòng trọ cho thuê Q.11.\r\nDiện tích 16 m2. Giá 1tr8. Phòng đẹp mới xây, sạch sẽ, thoáng mát, an ninh. Giờ giấc tự do. Có chỗ để xe riêng. Điện nước có đồng hồ riêng. Wifi cáp. Đường rộng 12m, bảo vệ 24/7.\r\nLiên hệ 0909123456', 'Người Đầu Tiên', NULL, NULL, '0909123456', NULL, NULL, NULL, NULL, NULL, NULL, NULL, NULL, NULL);

-- --------------------------------------------------------

--
-- Table structure for table `location`
--

CREATE TABLE `location` (
  `id` int(11) NOT NULL,
  `custom_name` varchar(200) CHARACTER SET utf8 COLLATE utf8_vietnamese_ci NOT NULL,
  `street_id` int(4) NOT NULL,
  `district_id` int(3) NOT NULL,
  `ward_id` int(2) NOT NULL
) ENGINE=InnoDB DEFAULT CHARSET=latin1;

-- --------------------------------------------------------

--
-- Table structure for table `project`
--

CREATE TABLE `project` (
  `id` int(4) NOT NULL,
  `name` varchar(50) CHARACTER SET utf8 COLLATE utf8_vietnamese_ci NOT NULL,
  `district_id` int(2) NOT NULL
) ENGINE=InnoDB DEFAULT CHARSET=utf8;

--
-- Dumping data for table `project`
--

INSERT INTO `project` (`id`, `name`, `district_id`) VALUES
(1, '10A Trần Nhật Duật', 1),
(2, '203 Nguyễn Trãi', 1),
(3, 'Abacus Tower', 1),
(4, 'Ascott Waterfront Saigon', 1),
(5, 'Avalon Saigon Apartments', 1),
(6, 'Ben Thanh Times Square', 1),
(7, 'Bitexco Financial', 1),
(8, 'BMC Bến Chương Dương', 1),
(9, 'Central Garden', 1),
(10, 'Chung cư Thế Hệ Mới', 1),
(11, 'Citilight Tower', 1),
(12, 'Compass Living Park View', 1),
(13, 'Cống Quỳnh Plaza', 1),
(14, 'Empire Tower', 1),
(15, 'HMTC Building', 1),
(16, 'Horizon', 1),
(17, 'IBC Building', 1),
(18, 'IMG Building', 1),
(19, 'Indochina', 1),
(20, 'International Plaza', 1),
(21, 'Lancaster Nguyễn Trãi', 1),
(22, 'Lim Tower', 1),
(23, 'Madison 15 Thi Sách', 1),
(24, 'Mai Hồng Quế Building', 1),
(25, 'Mê Linh Point Tower', 1),
(26, 'Parksimex Building', 1),
(27, 'Resco Building', 1),
(28, 'Sacomreal Generalimex', 1),
(29, 'Sài Gòn Mê Linh Tower', 1),
(30, 'Saigon Centre', 1),
(31, 'Saigon Land Building', 1),
(32, 'Saigon One Tower', 1),
(33, 'Saigon Trade Center', 1),
(34, 'Sailing Tower', 1),
(35, 'Smart View', 1),
(36, 'Star Building', 1),
(37, 'Sunwah Tower', 1),
(38, 'Thái Sơn Building', 1),
(39, 'The Lancaster HCM', 1),
(40, 'The ONE Ho Chi Minh City', 1),
(41, 'TKT Office Building', 1),
(42, 'V&D Building', 1),
(43, 'Valentina Court', 1),
(44, 'Viet Dragon Tower', 1),
(45, 'Vietcombank Tower HCM', 1),
(46, 'Vinaconex Building', 1),
(47, 'Vincom Center TP HCM', 1),
(48, 'Vincom Financial Tower', 1),
(49, 'Vinhomes Golden River Ba Son', 1),
(50, 'VP Tower', 1),
(51, 'VRG River View', 1),
(52, 'An Cư', 2),
(53, 'An Hòa', 2),
(54, 'An Khang', 2),
(55, 'An Lộc  - An Phúc', 2),
(56, 'An Phú An Khánh', 2),
(57, 'An Thịnh', 2),
(58, 'Biệt thự Hà Đô', 2),
(59, 'Bình An Pearl', 2),
(60, 'Bình An Riverside', 2),
(61, 'Bình Minh', 2),
(62, 'C3 PARCSpring', 2),
(63, 'Cantavil An Phú', 2),
(64, 'Cao ốc Thịnh Vượng', 2),
(65, 'Cát Lái Invesco', 2),
(66, 'Centara Thủ Thiêm', 2),
(67, 'Cheery Apartment', 2),
(68, 'Chung cư Bộ Công An', 2),
(69, 'Citi Bella', 2),
(70, 'Citi Bella 2', 2),
(71, 'Citi Home', 2),
(72, 'City Horse', 2),
(73, 'Cityland Bình Trưng Đông', 2),
(74, 'Đại Quang Minh', 2),
(75, 'De Capella', 2),
(76, 'Detesco', 2),
(77, 'Diamond Island', 2),
(78, 'Đông Thủ Thiêm', 2),
(79, 'Dự án Huy Hoàng', 2),
(80, 'Era Bình Khánh', 2),
(81, 'Estella Heights', 2),
(82, 'Fideco Riverview', 2),
(83, 'Gateway Thảo Điền', 2),
(84, 'Hoàng Anh River View', 2),
(85, 'Holm Villas Thảo Điền', 2),
(86, 'Homyland', 2),
(87, 'Homyland 2', 2),
(88, 'Homyland 3', 2),
(89, 'Imperia An Phú', 2),
(90, 'KDC Ninh Giang', 2),
(91, 'KDC Thế kỉ 21', 2),
(92, 'KDC Văn Minh', 2),
(93, 'La Astoria', 2),
(94, 'Lakeview City', 2),
(95, 'Lan Anh Village', 2),
(96, 'Lexington Residence', 2),
(97, 'Masteri Thảo Điền', 2),
(98, 'May Apartments', 2),
(99, 'Midpoint Villas Thảo Điền', 2),
(100, 'PARCSpring', 2),
(101, 'Parkland Apartments', 2),
(102, 'Petroland Quận 2', 2),
(103, 'PetroVietnam Landmark', 2),
(104, 'Phố Đông Village', 2),
(105, 'Preche', 2),
(106, 'Regency Park', 2),
(107, 'River Garden', 2),
(108, 'Saigon Mia', 2),
(109, 'Screc II Tower', 2),
(110, 'Spring Life', 2),
(111, 'Sunny Thủ Thiêm', 2),
(112, 'Thạnh Mỹ Lợi', 2),
(113, 'Thạnh Mỹ Lợi - Phú Nhuận 1,2', 2),
(114, 'Thảo Điền Pearl', 2),
(115, 'The Ascent', 2),
(116, 'The CBD Premium Home', 2),
(117, 'The Estella', 2),
(118, 'The Krista', 2),
(119, 'The Nassim', 2),
(120, 'The Sun Avenue', 2),
(121, 'The Vista', 2),
(122, 'Thủ Thiêm Sky', 2),
(123, 'Thủ Thiêm Star', 2),
(124, 'Thủ Thiêm Villa', 2),
(125, 'Thủ Thiêm Xanh', 2),
(126, 'Tropic Garden', 2),
(127, 'Ventura', 2),
(128, 'Veronica Apartments', 2),
(129, 'Villa Riviera', 2),
(130, 'Vinaconex Thảo Điền', 2),
(131, 'Vista Verde', 2),
(132, 'Waterfront Residences', 2),
(133, 'Xi Riverview Palace', 2),
(134, '107 Trương Định', 3),
(135, 'Alpha Tower', 3),
(136, 'An Phú Plaza', 3),
(137, 'Bitexco Nam Long', 3),
(138, 'C.T Plaza Minh Châu', 3),
(139, 'Cao ốc Pax Sky', 3),
(140, 'Crec Building Trương Định', 3),
(141, 'DB Court', 3),
(142, 'DC Tower', 3),
(143, 'Green Building', 3),
(144, 'IDC Building', 3),
(145, 'Intresco Plaza', 3),
(146, 'Jabes 2 Building', 3),
(147, 'Léman Luxury Apartments', 3),
(148, 'Lien Hoa Building', 3),
(149, 'MB Bank Tower', 3),
(150, 'Minh Long Tower', 3),
(151, 'New Pearl - Viên Ngọc Mới', 3),
(152, 'New Pearl Residence', 3),
(153, 'Ngọc Đông Dương', 3),
(154, 'Nguyễn Phúc Nguyên', 3),
(155, 'Pasteur Tower', 3),
(156, 'Pjico Building', 3),
(157, 'PMC Building', 3),
(158, 'PNT Court', 3),
(159, 'PVC Building', 3),
(160, 'Saigon Mansion', 3),
(161, 'Saigon Pavillon', 3),
(162, 'Saigon Software Park', 3),
(163, 'Screc Tower', 3),
(164, 'Sherwood Residence', 3),
(165, 'Sông Đà Tower', 3),
(166, 'Tài Lộc Office Building', 3),
(167, 'Thiên Hồng Building', 3),
(168, 'Tín nghĩa Building', 3),
(169, 'Constrexim Copac Square', 4),
(170, 'Galaxy 9', 4),
(171, 'Grand Riverside', 4),
(172, 'H2 Hoàng Diệu', 4),
(173, 'H3 Hoàng Diệu', 4),
(174, 'ICON 56', 4),
(175, 'Khahomex Savico', 4),
(176, 'Khánh Hội 1', 4),
(177, 'Khánh Hội 2', 4),
(178, 'Khánh Hội 3', 4),
(179, 'Lancaster Residences D4', 4),
(180, 'Moon Garden', 4),
(181, 'Orient Apartment', 4),
(182, 'Riva Park', 4),
(183, 'River Gate', 4),
(184, 'Saigon Royal Residence', 4),
(185, 'The Gold View', 4),
(186, 'The Tresor', 4),
(187, 'Tôn Thất Thuyết', 4),
(188, 'Vạn Đô', 4),
(189, 'VietCas Tower', 4),
(190, '155 Nguyễn Chí Thanh', 5),
(191, 'Cao ốc Cinco', 5),
(192, 'Charmington', 5),
(193, 'Golden Plaza', 5),
(194, 'Hà Phan', 5),
(195, 'HCMC Lottery Tower', 5),
(196, 'Hùng Vương Plaza', 5),
(197, 'Lakai', 5),
(198, 'Ngọc Khánh Tower', 5),
(199, 'Phúc Thịnh', 5),
(200, 'Sao Mai', 5),
(201, 'Tản Đà Court', 5),
(202, 'The Everrich Infinity', 5),
(203, 'Thuận Kiều Plaza', 5),
(204, 'An Phú Apartment', 6),
(205, 'Blue Sapphire Bình Phú', 6),
(206, 'Goldland Plaza', 6),
(207, 'Gotec Apartmen', 6),
(208, 'Him Lam Chợ Lớn', 6),
(209, 'Khu căn hộ Bình Phú', 6),
(210, 'Lucky Palace', 6),
(211, 'OPC Eximland', 6),
(212, 'Sacomreal Hùng Vương', 6),
(213, 'Tân Thịnh Lợi', 6),
(214, 'Viva Riverside', 6),
(215, 'An Gia River One', 7),
(216, 'An Gia Riverside', 7),
(217, 'An Gia Skyline', 7),
(218, 'An Hòa - Nam Long', 7),
(219, 'An Viên', 7),
(220, 'Belleza Apartment', 7),
(221, 'Biệt thự Chateau', 7),
(222, 'Bình An Apartment', 7),
(223, 'Căn hộ Phú Mỹ Vạn Phát Hưng', 7),
(224, 'Cảnh Viên 1', 7),
(225, 'Cảnh Viên 2', 7),
(226, 'Cảnh Viên 3', 7),
(227, 'CityLand Riverside', 7),
(228, 'Diamond City', 7),
(229, 'Docklands Sài Gòn', 7),
(230, 'Đức Long Golden Land', 7),
(231, 'Ehome 5-The Bridgeview', 7),
(232, 'Florita Đức Khải', 7),
(233, 'Garden Court 1', 7),
(234, 'Garden Court 2', 7),
(235, 'Garden Plaza 1', 7),
(236, 'Garden Plaza 2', 7),
(237, 'Grand View', 7),
(238, 'Green Valley', 7),
(239, 'Green View', 7),
(240, 'Happy Residence', 7),
(241, 'Happy Valley', 7),
(242, 'Hemera Building', 7),
(243, 'Him Lam Kênh Tẻ', 7),
(244, 'Him Lam Riverside', 7),
(245, 'Hoàng Anh Gia Lai 1', 7),
(246, 'Hoàng Anh Gia Lai 2', 7),
(247, 'Hoàng Anh Thanh Bình', 7),
(248, 'Hoàng Kim', 7),
(249, 'Hưng Gia', 7),
(250, 'Hưng Gia 3', 7),
(251, 'Hưng Phát Golden Star', 7),
(252, 'Hưng Phước', 7),
(253, 'Hưng Thái 1 & 2', 7),
(254, 'Hưng Vượng 1', 7),
(255, 'Hưng Vượng 2', 7),
(256, 'Hưng Vượng 3', 7),
(257, 'Incomex', 7),
(258, 'Jamona City', 7),
(259, 'Jamona Golden Silk', 7),
(260, 'KDC Phú Mỹ', 7),
(261, 'Kim Sơn', 7),
(262, 'La Casa', 7),
(263, 'Lam Thiên Lục Địa', 7),
(264, 'Lotus Residence', 7),
(265, 'Luxcity', 7),
(266, 'Luxury Home', 7),
(267, 'Minh Thành', 7),
(268, 'M-One Nam Sài Gòn', 7),
(269, 'Mỹ Cảnh', 7),
(270, 'Mỹ Đức', 7),
(271, 'Mỹ Gia 1', 7),
(272, 'Mỹ Gia 2', 7),
(273, 'Mỹ Giang 1&2', 7),
(274, 'Mỹ Hào', 7),
(275, 'Mỹ Hoàng', 7),
(276, 'Mỹ Hưng', 7),
(277, 'Mỹ Khang', 7),
(278, 'Mỹ Khánh 1', 7),
(279, 'Mỹ Khánh 2', 7),
(280, 'Mỹ Khánh 3', 7),
(281, 'Mỹ Khánh 4', 7),
(282, 'Mỹ Kim 1,2', 7),
(283, 'Mỹ Kim 3', 7),
(284, 'Mỹ Phát', 7),
(285, 'Mỹ Phú 1', 7),
(286, 'Mỹ Phú 2', 7),
(287, 'Mỹ Phú 3', 7),
(288, 'Mỹ Phú Apartment Petroland', 7),
(289, 'Mỹ Phúc', 7),
(290, 'Mỹ Phước', 7),
(291, 'Mỹ Quang', 7),
(292, 'Mỹ Thái 1', 7),
(293, 'Mỹ Thái 2', 7),
(294, 'Mỹ Thái 3', 7),
(295, 'Mỹ Toàn 1', 7),
(296, 'Mỹ Toàn 2', 7),
(297, 'Mỹ Toàn 3', 7),
(298, 'Mỹ Tú 1', 7),
(299, 'Mỹ Tú 2', 7),
(300, 'Mỹ Tú 3', 7),
(301, 'Mỹ Văn 1&2', 7),
(302, 'Mỹ Viên', 7),
(303, 'Nam Đô Phú Mỹ Hưng', 7),
(304, 'Nam Khang', 7),
(305, 'Nam Long 1', 7),
(306, 'Nam Long 2', 7),
(307, 'Nam Long 3', 7),
(308, 'Nam Long Phú Thuận', 7),
(309, 'Nam Long Trần Trọng Cung', 7),
(310, 'Nam Phu Villas', 7),
(311, 'Nam Quang', 7),
(312, 'Nam Quang 2', 7),
(313, 'Nam Thiên 1,2,3', 7),
(314, 'Nam Thông 1 - Phú Mỹ Hưng', 7),
(315, 'Nam Thông 2', 7),
(316, 'Nam Thông 3', 7),
(317, 'Nam Thông-KDC Nam Long', 7),
(318, 'Nam Viên', 7),
(319, 'Ngọc Lan Savimex', 7),
(320, 'Park View', 7),
(321, 'PetroLand Tower', 7),
(322, 'Phú Gia', 7),
(323, 'Phú Mỹ 2', 7),
(324, 'Phú Mỹ An', 7),
(325, 'Phú Mỹ Chợ Lớn', 7),
(326, 'Phú Mỹ Hưng', 7),
(327, 'Quốc Cường Gia Lai 1', 7),
(328, 'Res III', 7),
(329, 'Riverpark Residence', 7),
(330, 'Riverside Residence', 7),
(331, 'Riviera Point', 7),
(332, 'Royal Tower', 7),
(333, 'Sadeco ven sông', 7),
(334, 'Sài Gòn Paragon', 7),
(335, 'Saigon Plaza Tower', 7),
(336, 'Savimex Phú Thuận', 7),
(337, 'SC VivoCity', 7),
(338, 'Scenic Valley', 7),
(339, 'Scenic Valley 2', 7),
(340, 'Seven Diamond', 7),
(341, 'Sky Garden 3', 7),
(342, 'Sky Garden I', 7),
(343, 'Sky Garden II', 7),
(344, 'Southern Palace', 7),
(345, 'Star Hill', 7),
(346, 'Sunrise City', 7),
(347, 'Sunrise City View', 7),
(348, 'Sunriver', 7),
(349, 'Tân An Huy', 7),
(350, 'Tân Mỹ', 7),
(351, 'Tân Thành lập', 7),
(352, 'Tấn Trường', 7),
(353, 'The Era Town', 7),
(354, 'The EverRich II', 7),
(355, 'The EverRich III', 7),
(356, 'The Mark', 7),
(357, 'The Panorama', 7),
(358, 'Thiên Phú Gia', 7),
(359, 'Thiên Sơn Plaza', 7),
(360, 'Tulip Tower', 7),
(361, 'USilk Apartment', 7),
(362, 'V-Star', 7),
(363, '51 Chánh Hưng', 8),
(364, 'Auris City', 8),
(365, 'Bella Vista', 8),
(366, 'Bình Đăng', 8),
(367, 'Bình Đông Xanh', 8),
(368, 'Bông Sao', 8),
(369, 'Cara Riverview', 8),
(370, 'Carina Plaza', 8),
(371, 'Chánh Hưng Apartment', 8),
(372, 'Chánh Hưng Giai Việt', 8),
(373, 'Chung cư Mỹ Thuận', 8),
(374, 'Chung cư Thanh Nhựt', 8),
(375, 'City Gate Towers', 8),
(376, 'City Gate Towers 2', 8),
(377, 'City Mall', 8),
(378, 'Conic Lộc Phát', 8),
(379, 'Diamond Lotus', 8),
(380, 'Đồng Diều', 8),
(381, 'Dream Home Palace', 8),
(382, 'Good House Apartment', 8),
(383, 'Him Lam Nam Khánh', 8),
(384, 'HQC Plaza', 8),
(385, 'KDC Chợ Bình Điền', 8),
(386, 'Khang Gia', 8),
(387, 'Nam Phát Riverside', 8),
(388, 'NBB Garden III', 8),
(389, 'Ngọc Phương Nam', 8),
(390, 'Osaka Garden', 8),
(391, 'Peridot Building', 8),
(392, 'Phú Lợi', 8),
(393, 'Phú Thịnh Riverside', 8),
(394, 'Rạch Lào', 8),
(395, 'RCL Bình Đông', 8),
(396, 'RCL Tạ Quang Bửu', 8),
(397, 'Samland Giai Việt', 8),
(398, 'Sao Mai', 8),
(399, 'Sovrano Plaza', 8),
(400, 'The Avila', 8),
(401, 'The Sun City Ba Tơ', 8),
(402, 'Topaz City', 8),
(403, 'Trương Đình Hội 2', 8),
(404, 'Trương Đình Hội 3', 8),
(405, 'VHome', 8),
(406, '9 View Apartment', 9),
(407, 'Bắc Rạch Chiếc', 9),
(408, 'Bách khoa', 9),
(409, 'Biệt thự Cielo Island', 9),
(410, 'Bình Minh', 9),
(411, 'Centermark', 9),
(412, 'Điền Phúc Thành', 9),
(413, 'Đông Tăng Long', 9),
(414, 'Ehome 2', 9),
(415, 'EHome Đông Sài Gòn 1', 9),
(416, 'Exim Garden', 9),
(417, 'First Home Khang Việt', 9),
(418, 'Flora Anh Đào', 9),
(419, 'Gia Hòa', 9),
(420, 'Golf Park', 9),
(421, 'Green Building', 9),
(422, 'Green Home Riverside', 9),
(423, 'Hoàng Anh Minh Tuấn', 9),
(424, 'Hoja Villa', 9),
(425, 'HTReal 898', 9),
(426, 'Hưng Phú 1', 9),
(427, 'Hưng Phú 2', 9),
(428, 'Hùng Việt', 9),
(429, 'I-Home Xa Lộ Hà Nội', 9),
(430, 'KDC C.T.C', 9),
(431, 'KDC Chợ Long Trường Mới', 9),
(432, 'KDC Kiến Á', 9),
(433, 'KDC Mỹ Long', 9),
(434, 'KDC Nam Long', 9),
(435, 'KDC Phú Nhuận - Phước Long B', 9),
(436, 'KDC Phước Thiện', 9),
(437, 'KDC Thanh Trúc', 9),
(438, 'KDC Trường Lưu', 9),
(439, 'Khang An', 9),
(440, 'Khang Điền Intresco', 9),
(441, 'Khang Điền Long Trường', 9),
(442, 'Khu dân cư Long Thạnh Mỹ', 9),
(443, 'Long Phước Điền - Long Trường', 9),
(444, 'Lucasta Villa', 9),
(445, 'Lucky Dragon', 9),
(446, 'Man Thiện', 9),
(447, 'Mega Residence', 9),
(448, 'Mega Ruby', 9),
(449, 'Mega Sapphire', 9),
(450, 'Mega Village', 9),
(451, 'Melosa Garden', 9),
(452, 'Nam Khang Residence', 9),
(453, 'Nhân Phú', 9),
(454, 'Park Riverside Tân Cảng', 9),
(455, 'Peach Garden', 9),
(456, 'Phố Đông - Hoa Sen', 9),
(457, 'Phúc An Viên', 9),
(458, 'Phuoc Long Spring Town', 9),
(459, 'River Park', 9),
(460, 'River Valley', 9),
(461, 'Riviera Cove', 9),
(462, 'Samsung Village', 9),
(463, 'Sun City Minh Sơn', 9),
(464, 'Tăng Long River View', 9),
(465, 'Tăng Phú House', 9),
(466, 'TDH - Phúc Thịnh Đức', 9),
(467, 'TDH – Phước Bình', 9),
(468, 'TDH - Phước Long', 9),
(469, 'TDH Hiệp Phú', 9),
(470, 'Thái Dương Luxury', 9),
(471, 'Thái Dương Xanh', 9),
(472, 'Thảo Nguyên Sài Gòn', 9),
(473, 'The Art', 9),
(474, 'The Boat Club Residences', 9),
(475, 'The Eastern', 9),
(476, 'The Garland', 9),
(477, 'Thiên Lý', 9),
(478, 'Topia Garden', 9),
(479, 'Trí Kiệt Long Trường', 9),
(480, 'Trí Minh', 9),
(481, 'Trường Thạnh 1', 9),
(482, 'Valencia Riverside', 9),
(483, 'Việt Nhân Villa Riverside', 9),
(484, 'Villa Park', 9),
(485, 'Ấn Quang', 10),
(486, 'Charmington La Pointe', 10),
(487, 'Chung cư Ngô Gia Tự', 10),
(488, 'Đào Duy Từ', 10),
(489, 'Hà Đô 756 Sài Gòn', 10),
(490, 'Hà Đô Villas', 10),
(491, 'Nguyễn Kim', 10),
(492, 'Samco Building', 10),
(493, 'Tenimex Office', 10),
(494, 'Thành Thái - King Center', 10),
(495, 'Thiên Nam Apartment', 10),
(496, 'Tô Hiến Thành', 10),
(497, 'Toplife Tower', 10),
(498, 'Trần Văn Kiểu', 10),
(499, 'Viettel Complex', 10),
(500, 'Xi Grand Court', 10),
(501, 'Bigemco', 11),
(502, 'Căn hộ Khải Hoàn', 11),
(503, 'Cây Mai', 11),
(504, 'Chung cư 312 Lạc Long Quân', 11),
(505, 'Chung cư Phú Thọ', 11),
(506, 'Đầm Sen', 11),
(507, 'Lotus Apartment', 11),
(508, 'Lữ Gia Plaza', 11),
(509, 'Tân Phước Plaza', 11),
(510, 'The EverRich I', 11),
(511, 'The Flemington', 11),
(512, 'The Park Avenue', 11),
(513, 'Thuận Việt', 11),
(514, 'Tuệ Tĩnh', 11),
(515, '12 View', 12),
(516, '8X Plus Trường Chinh', 12),
(517, 'An Sương Besco', 12),
(518, 'Cheery 2 Apartment', 12),
(519, 'Chung cư Đông Hưng', 12),
(520, 'Đạt Gia Residence (CC Võ Đình)', 12),
(521, 'Depot Metro Tham Lương', 12),
(522, 'Gia Định Plaza', 12),
(523, 'Gò Sao', 12),
(524, 'Hà Đô Thới An', 12),
(525, 'Hiệp Thành City', 12),
(526, 'Hưng Ngân Garden', 12),
(527, 'KDC An Sương', 12),
(528, 'Khang Thịnh Town', 12),
(529, 'Kim Tâm Hải Apartment', 12),
(530, 'Lori Plaza', 12),
(531, 'Nhà ở quân khu 7', 12),
(532, 'Nhà ở Vạn Xuân Bắc Sài Gòn', 12),
(533, 'Phú An Center', 12),
(534, 'Phú Long Riverside', 12),
(535, 'Tecco Green Nest', 12),
(536, 'Thái An Apartment', 12),
(537, 'Thạnh Lộc - First Home', 12),
(538, 'Thiên Quý', 12),
(539, 'Thọ Nam Sang', 12),
(540, 'Thới An City', 12),
(541, '8X Rainbow', 13),
(542, 'Amazing City', 13),
(543, 'An Lạc Plaza', 13),
(544, 'Angia Star', 13),
(545, 'Bắc Lương Bèo', 13),
(546, 'Da Sà', 13),
(547, 'Đất Việt', 13),
(548, 'EHome 3', 13),
(549, 'Everville', 13),
(550, 'Full House', 13),
(551, 'GoHome Dream Residence', 13),
(552, 'Hai Thành Tên Lửa', 13),
(553, 'Hòa Bình Green Park', 13),
(554, 'Hoàng Kim Thế Gia', 13),
(555, 'Hồng Tân', 13),
(556, 'HQC 35 Hồ Học Lãm', 13),
(557, 'KCN Tân Tạo', 13),
(558, 'Lê Thành', 13),
(559, 'Lê Thành Tân Tạo', 13),
(560, 'Lê Thành Twin Towers', 13),
(561, 'Long Phụng Apartment', 13),
(562, 'Long Phụng Residence', 13),
(563, 'Lý Chiêu Hoàng', 13),
(564, 'Manhattan City', 13),
(565, 'Nam An Apartment', 13),
(566, 'Nam Hùng Vương', 13),
(567, 'Nguyễn Quyền Plaza', 13),
(568, 'Nhà phố Lê Thành An Lạc', 13),
(569, 'Nhất Lan', 13),
(570, 'Nhất Lan 3', 13),
(571, 'Saigon West Villas', 13),
(572, 'Smile Home', 13),
(573, 'Tân Mai', 13),
(574, 'Tên Lửa Residence', 13),
(575, 'Tiên Sa Villas', 13),
(576, 'Triều An Tower', 13),
(577, 'Vĩnh Tường - Tân Tạo', 13),
(578, 'Welife City', 13),
(579, 'Western Dragon', 13),
(580, '283 Lê Quang Định', 14),
(581, '41Bis Điện Biên Phủ', 14),
(582, 'B1 Trường Sa', 14),
(583, 'Bắc Bình', 14),
(584, 'Bình Hòa', 14),
(585, 'Cantavil Hoàn Cầu', 14),
(586, 'Cape Pearl - Petrosetco Tower', 14),
(587, 'Chung cư Mỹ Đức', 14),
(588, 'Chung cư Nguyễn Huy Lượng', 14),
(589, 'Chung cư Nguyễn Ngọc Phương', 14),
(590, 'Chung cư Phạm Viết Chánh', 14),
(591, 'Chung cư Thế Kỷ 21', 14),
(592, 'City Garden', 14),
(593, 'Compa Tower', 14),
(594, 'Cửu Long', 14),
(595, 'Đại An - Saigon Riverside', 14),
(596, 'Đại Phúc River View', 14),
(597, 'Đất Phương Nam', 14),
(598, 'EBM Building', 14),
(599, 'HUD Building', 14),
(600, 'La Bonita', 14),
(601, 'Melody Tower', 14),
(602, 'Miếu Nổi', 14),
(603, 'Mỹ Phước', 14),
(604, 'Peace Building', 14),
(605, 'Pearl Plaza', 14),
(606, 'Phú Đạt', 14),
(607, 'Qmobile Tower', 14),
(608, 'Rita View', 14),
(609, 'Saigon Pearl', 14),
(610, 'Saigonland Apartment', 14),
(611, 'Saigonres Nguyễn Xí', 14),
(612, 'Samland Building', 14),
(613, 'Samland Riverside', 14),
(614, 'SGC Nguyễn Cửu Vân', 14),
(615, 'Shophouse Vinhomes Central Park', 14),
(616, 'Sky Dream Tower', 14),
(617, 'Soho Riverview', 14),
(618, 'Tecco Central Home', 14),
(619, 'Thanh Đa View', 14),
(620, 'Thanh Niên', 14),
(621, 'Thảo Điền Building', 14),
(622, 'The Hyco4 Tower', 14),
(623, 'The Manor HCM', 14),
(624, 'The Morning Star Plaza', 14),
(625, 'TTTM Hàng Xanh', 14),
(626, 'V Building', 14),
(627, 'V_Center', 14),
(628, 'V_ikon', 14),
(629, 'Vinhomes Central Park', 14),
(630, 'Wilton Tower', 14),
(631, '26 Nguyễn Thượng Hiền', 15),
(632, '8X Thái An', 15),
(633, 'An Lộc', 15),
(634, 'Bee Home 2', 15),
(635, 'Cityland Garden Hills', 15),
(636, 'Cityland Park Hills', 15),
(637, 'Cityland Z751', 15),
(638, 'Công Viên Văn Hóa Gò Vấp', 15),
(639, 'Dream Home', 15),
(640, 'Dream Home Residence', 15),
(641, 'Easy Home Tân Mai', 15),
(642, 'Gia Phát Apartment', 15),
(643, 'Gia Tuệ Central Square', 15),
(644, 'Green Home Residence', 15),
(645, 'Green Park Residences', 15),
(646, 'Hà Đô Nguyễn Văn Công', 15),
(647, 'Hà Kiều', 15),
(648, 'I-Home 1', 15),
(649, 'Khang Gia Gò Vấp', 15),
(650, 'Phú Gia Hưng Apartment', 15),
(651, 'Plaza Nguyên Hồng', 15),
(652, 'Samland Airport', 15),
(653, 'Sunny Plaza', 15),
(654, 'Sunview 3', 15),
(655, 'The Splendor', 15),
(656, 'Thiên Lộc Tower', 15),
(657, 'Unik Home', 15),
(658, 'Z751 Hà Đô', 15),
(659, 'Z751B Hà Đô', 15),
(660, 'Arirang Building', 16),
(661, 'BMC Hưng Long', 16),
(662, 'Botanic Towers', 16),
(663, 'Cao ốc Phú Nhuận', 16),
(664, 'Centrepoint', 16),
(665, 'Chung cư Phan Xích Long', 16),
(666, 'Garden Gate', 16),
(667, 'Gia Thy Building', 16),
(668, 'Golden Mansion', 16),
(669, 'Intresco Tower', 16),
(670, 'Kingston Residence', 16),
(671, 'Lucky House', 16),
(672, 'Lutaco Tower', 16),
(673, 'Newton Residence', 16),
(674, 'Orchard Garden', 16),
(675, 'Orchard Park View', 16),
(676, 'PN-Techcons', 16),
(677, 'Satra Citiland Plaza', 16),
(678, 'Satra Eximland', 16),
(679, 'The Prince Residence', 16),
(680, 'VMG Building', 16),
(681, 'ACBR Office Building', 17),
(682, 'Airport Tower', 17),
(683, 'Bàu Cát II', 17),
(684, 'Bảy Hiền Tower', 17),
(685, 'Bee Home', 17),
(686, 'Botanica Premier', 17),
(687, 'C.T Plaza', 17),
(688, 'Carillon 3', 17),
(689, 'Carillon Apartment', 17),
(690, 'Centa Park Tân Bình', 17),
(691, 'Central Plaza', 17),
(692, 'Chung cư Phúc Yên', 17),
(693, 'Cộng Hòa Plaza', 17),
(694, 'Era Lạc Long Quân', 17),
(695, 'Etown Building', 17),
(696, 'Nam Minh Long', 17),
(697, 'Ruby Garden', 17),
(698, 'Sài Gòn Airport', 17),
(699, 'Scetpa Building', 17),
(700, 'Sky Center', 17),
(701, 'Tân Bình Apartment', 17),
(702, 'Thái Sơn Apartment', 17),
(703, 'Thành Công Tower 2', 17),
(704, 'The Botanica', 17),
(705, 'The Harmona', 17),
(706, 'TPA Building', 17),
(707, 'Waseco Building', 17),
(708, '584 Lilama SHB plaza', 18),
(709, '8X Đầm Sen', 18),
(710, 'An Bình', 18),
(711, 'An Gia Garden', 18),
(712, 'Âu Cơ Tower', 18),
(713, 'Carillon 2', 18),
(714, 'Carillon 4', 18),
(715, 'Celadon City', 18),
(716, 'Đại Thành', 18),
(717, 'Fortuna - Vườn Lài', 18),
(718, 'Hiệp Tân Apartment', 18),
(719, 'IDICO Tân Phú', 18),
(720, 'Investco Babylon', 18),
(721, 'KCN Tân Bình', 18),
(722, 'Khang Gia Tân Hương', 18),
(723, 'Khang Phú', 18),
(724, 'Lotus Garden', 18),
(725, 'Melody Residences 16 Âu Cơ', 18),
(726, 'Phú Thạnh Apartment', 18),
(727, 'Quang Thái', 18),
(728, 'RichStar', 18),
(729, 'Ruby Land', 18),
(730, 'Sacomreal Hòa Bình', 18),
(731, 'Sacomreal-584', 18),
(732, 'Sài Gòn Apartment', 18),
(733, 'Southern Dragon', 18),
(734, 'Tân Hương Tower', 18),
(735, 'TaniBuilding Sơn Kỳ 1', 18),
(736, 'TaniBuilding Sơn Kỳ 2', 18),
(737, 'Thành Công Tower 1', 18),
(738, 'The Montana', 18),
(739, 'Topaz Garden', 18),
(740, 'Trung Đông Plaza', 18),
(741, '4S Linh Đông', 19),
(742, '4S Riverside Garden', 19),
(743, 'Aquila Plaza', 19),
(744, 'Bình Chiểu Riverside City', 19),
(745, 'Cheery 4 Complex', 19),
(746, 'Chương Dương Golden Land', 19),
(747, 'Đạt Gia Residence', 19),
(748, 'Depot Metro Tower', 19),
(749, 'First Home Thủ Đức', 19),
(750, 'Fortune Apartment', 19),
(751, 'Gia Phú Hưng', 19),
(752, 'Green House', 19),
(753, 'Greenview Garden', 19),
(754, 'Jamona Home Resort', 19),
(755, 'KDC Bình Chiểu 2', 19),
(756, 'KDC Hồng Long', 19),
(757, 'KĐT Bình Chiểu', 19),
(758, 'Lan Phương MHBR', 19),
(759, 'Lavita Garden', 19),
(760, 'Linh Tây', 19),
(761, 'Linh Trung', 19),
(762, 'Lotus Apartment', 19),
(763, 'Mỹ An 3G', 19),
(764, 'Mỹ Kim', 19),
(765, 'Mỹ Long', 19),
(766, 'Newtown Apartment', 19),
(767, 'Opal Riverside', 19),
(768, 'Opal Tower', 19),
(769, 'Savico Hiệp Bình Phước Tam Bình', 19),
(770, 'Sông Đà Riverside', 19),
(771, 'Spring House', 19),
(772, 'Sunview I, II', 19),
(773, 'Sunview Town', 19),
(774, 'T.N.T Building', 19),
(775, 'Tam Bình', 19),
(776, 'TDH Bình Chiểu', 19),
(777, 'TDH Trường Thọ', 19),
(778, 'TĐV Tam Phú', 19),
(779, 'Tecco Linh Đông', 19),
(780, 'The Navita', 19),
(781, 'The Sun City Lan Phương', 19),
(782, 'The Sun City Riverview', 19),
(783, 'Thu Duc Garden Homes', 19),
(784, 'Vạn Phúc Riverside City', 19),
(785, '13B Conic Phong Phú', 20),
(786, '13D Asia Phú Mỹ', 20),
(787, '13E Phong Phú', 20),
(788, '584 Tân Kiên', 20),
(789, '6B Intresco', 20),
(790, 'A.View', 20),
(791, 'An Hạ Lotus', 20),
(792, 'An Hạ Riverside', 20),
(793, 'An Lạc Residence', 20),
(794, 'An Phú Tây', 20),
(795, 'Camellia Garden', 20),
(796, 'Conic Đình Khiêm', 20),
(797, 'Conic Đông Nam Á', 20),
(798, 'Conic Garden', 20),
(799, 'Đại Phúc Green Villas', 20),
(800, 'Dương Hồng Garden House', 20),
(801, 'Greenlife 13C', 20),
(802, 'Happy City', 20),
(803, 'Him Lam 6A', 20),
(804, 'Hoàng Tháp Plaza', 20),
(805, 'Hồng Lĩnh Plaza', 20),
(806, 'Hồng Quang 13A Nam Sài Gòn', 20),
(807, 'Investco Green City', 20),
(808, 'KCN Phong Phú', 20),
(809, 'KDC 6B T30', 20),
(810, 'KDC Ấp 5 Phong Phú', 20),
(811, 'KDC Bình Hưng', 20),
(812, 'KDC Happy Home One', 20),
(813, 'KDC Rạng Đông', 20),
(814, 'Khu Biệt Thự Sông Ông Lớn', 20),
(815, 'Khu dân cư Thuần Việt', 20),
(816, 'Mansion', 20),
(817, 'Newlife Bình Chánh', 20),
(818, 'Ngọc Cung', 20),
(819, 'Nguyễn Văn Cừ', 20),
(820, 'Phi Long 5', 20),
(821, 'Sài Gòn Mia', 20),
(822, 'Saigonres', 20),
(823, 'Sinh Thái Thanh Bình', 20),
(824, 'Skyway Residence', 20),
(825, 'Tân Tạo Plaza 4-5-6', 20),
(826, 'TĐV Phong Phú', 20),
(827, 'Terra Rosa', 20),
(828, 'Thảo Loan Plaza', 20),
(829, 'The Easter City', 20),
(830, 'The Hollywood Tower', 20),
(831, 'Trung Sơn', 20),
(832, 'Việt Phú Garden', 20),
(833, 'Vĩnh Lộc', 20),
(834, 'Vĩnh Lộc A', 20),
(835, 'Vĩnh Lộc Golden', 20),
(836, 'Biệt thự Củ Chi', 22),
(837, 'C.T Sphinx', 22),
(838, 'KDC Little Sài Gòn', 22),
(839, 'Cheery 3 Apartment', 23),
(840, 'Eco Town', 23),
(841, 'HQC Hóc Môn', 23),
(842, 'KDC Hoàng Hải', 23),
(843, 'Sophia Garden', 23),
(844, 'Xuân Thới Sơn', 23),
(845, 'Anh Tuấn Apartment', 24),
(846, 'Anh Tuấn Garden', 24),
(847, 'Biệt thự Galleria', 24),
(848, 'Biệt thự Kim Long', 24),
(849, 'Biệt thự Ngân Long', 24),
(850, 'Blue Diamond Tower', 24),
(851, 'Blue Star', 24),
(852, 'Dragon City', 24),
(853, 'Dragon Hill Residence and Suites 2', 24),
(854, 'Dragon Parc', 24),
(855, 'Exim Pearl Tower', 24),
(856, 'Garden Riverside Villas', 24),
(857, 'GS Metrocity Nhà Bè', 24),
(858, 'Hiệp Phước', 24),
(859, 'Hoàng Anh An Tiến - Gold House', 24),
(860, 'Hưng Phát', 24),
(861, 'Hưng Phát Silver Star', 24),
(862, 'Kenton Residences', 24),
(863, 'Khải Hoàn Paradise', 24),
(864, 'Louis Tower', 24),
(865, 'Nam Sài Gòn Riverside', 24),
(866, 'New Saigon Hoàng Anh 3', 24),
(867, 'Nine South Estates', 24),
(868, 'Park Vista', 24),
(869, 'Phú Gia Cotec', 24),
(870, 'Phú Hoàng Anh', 24),
(871, 'Phú Mỹ Thuận', 24),
(872, 'Phú Xuân 2', 24),
(873, 'Phú Xuân 3', 24),
(874, 'Phú Xuân 4', 24),
(875, 'Phú Xuân 5', 24),
(876, 'Phú Xuân Cảng Sài Gòn', 24),
(877, 'Phú Xuân Cotec', 24),
(878, 'Phú Xuân Hồng Lĩnh', 24),
(879, 'Phú Xuân Vạn Hưng Phú', 24),
(880, 'Phú Xuân Vạn Phát Hưng', 24),
(881, 'Sadeco Phước Kiển', 24),
(882, 'Sài Gòn Mới', 24),
(883, 'Sunrise Riverside', 24),
(884, 'Tân An Huy - Trần Thái', 24),
(885, 'Thái Sơn 1', 24),
(886, 'The Headquarters', 24),
(887, 'The Park Residence', 24),
(888, 'The Stars Village', 24),
(889, 'The Sun City Phước Kiển', 24);

-- --------------------------------------------------------

--
-- Table structure for table `street`
--

CREATE TABLE `street` (
  `id` int(4) NOT NULL,
  `name` varchar(50) CHARACTER SET utf8 COLLATE utf8_vietnamese_ci NOT NULL,
  `district_id` int(2) NOT NULL
) ENGINE=InnoDB DEFAULT CHARSET=latin1;

--
-- Dumping data for table `street`
--

INSERT INTO `street` (`id`, `name`, `district_id`) VALUES
(1, 'Alexandre', 1),
(2, 'Bà Huyện Thanh Quan', 1),
(3, 'Bà Lê Chân', 1),
(4, 'Bến Chương Dương', 1),
(5, 'Bùi Thị Xuân', 1),
(6, 'Bùi Viện', 1),
(7, 'Cách Mạng Tháng Tám', 1),
(8, 'Calmette', 1),
(9, 'Camex', 1),
(10, 'Cao Bá Nhạ', 1),
(11, 'Cao Bá Quát', 1),
(12, 'Cây Điệp', 1),
(13, 'Chu Mạnh Trinh', 1),
(14, 'Cô Bắc', 1),
(15, 'Cô Giang', 1),
(16, 'Cống Quỳnh', 1),
(17, 'Công Trường Lam Sơn', 1),
(18, 'Công Trường Mê Linh', 1),
(19, 'Công Trường Quốc Tế', 1),
(20, 'Công Xã Paris', 1),
(21, 'Đại Lộ Đông Tây', 1),
(22, 'Đặng Dung', 1),
(23, 'Đặng Tất', 1),
(24, 'Đặng Thị Nhu', 1),
(25, 'Đặng Trần Côn', 1),
(26, 'Đề Thám', 1),
(27, 'Điện Biên Phủ', 1),
(28, 'Đinh Công Tráng', 1),
(29, 'Đinh Tiên Hoàng', 1),
(30, 'Đỗ Quang Đẩu', 1),
(31, 'Đông Du', 1),
(32, 'Đồng Khởi', 1),
(33, 'Hai Bà Trưng', 1),
(34, 'Hải Triều', 1),
(35, 'Hàm Nghi', 1),
(36, 'Hàn Thuyên', 1),
(37, 'Hồ Hảo Hớn', 1),
(38, 'Hồ Huấn Nghiệp', 1),
(39, 'Hồ Tùng Mậu', 1),
(40, 'Hòa Hưng', 1),
(41, 'Hòa Mỹ', 1),
(42, 'Hoàng Diệu', 1),
(43, 'Hoàng Hoa Thám', 1),
(44, 'Hoàng Sa', 1),
(45, 'Huyền Quang', 1),
(46, 'Huyền Trân Công Chúa', 1),
(47, 'Huỳnh Khương An', 1),
(48, 'Huỳnh Khương Ninh', 1),
(49, 'Huỳnh Thúc Kháng', 1),
(50, 'Ký Con', 1),
(51, 'Lãnh Binh Thăng', 1),
(52, 'Lê Anh Xuân', 1),
(53, 'Lê Công Kiều', 1),
(54, 'Lê Duẩn', 1),
(55, 'Lê Đức Thọ', 1),
(56, 'Lê Hồng Phong', 1),
(57, 'Lê Lai', 1),
(58, 'Lê Lợi', 1),
(59, 'Lê Quý Đôn', 1),
(60, 'Lê Thánh Tôn', 1),
(61, 'Lê Thị Hồng Gấm', 1),
(62, 'Lê Thị Riêng', 1),
(63, 'Lê Văn Hưu', 1),
(64, 'Lương Hữu Khánh', 1),
(65, 'Lưu Văn Lang', 1),
(66, 'Lý Chính Thắng', 1),
(67, 'Lý Tự Trọng', 1),
(68, 'Lý Văn Phúc', 1),
(69, 'Lý Văn Phức', 1),
(70, 'Mã Lộ', 1),
(71, 'Mạc Đĩnh Chi', 1),
(72, 'Mạc Thị Bưởi', 1),
(73, 'Mai Thị Lựu', 1),
(74, 'Nam Kỳ Khởi Nghĩa', 1),
(75, 'Nam Quốc Cang', 1),
(76, 'Ngô Đức Kế', 1),
(77, 'Ngô Văn Năm', 1),
(78, 'Nguyễn An Ninh', 1),
(79, 'Nguyễn Bỉnh Khiêm', 1),
(80, 'Nguyễn Cảnh Chân', 1),
(81, 'Nguyễn Công Trứ', 1),
(82, 'Nguyễn Cư Trinh', 1),
(83, 'Nguyễn Đình Chiểu', 1),
(84, 'Nguyễn Doãn Khanh', 1),
(85, 'Nguyễn Du', 1),
(86, 'Nguyễn Huệ', 1),
(87, 'Nguyễn Hữu Cảnh', 1),
(88, 'Nguyễn Hữu Cầu', 1),
(89, 'Nguyễn Hữu Nghĩa', 1),
(90, 'Nguyễn Huy Tự', 1),
(91, 'Nguyễn Khắc Nhu', 1),
(92, 'Nguyễn Phi Khanh', 1),
(93, 'Nguyễn Siêu', 1),
(94, 'Nguyễn Thái Bình', 1),
(95, 'Nguyễn Thái Học', 1),
(96, 'Nguyễn Thành Ý', 1),
(97, 'Nguyễn Thị Diệu', 1),
(98, 'Nguyễn Thị Lắng', 1),
(99, 'Nguyễn Thị Minh Khai', 1),
(100, 'Nguyễn Thị Nghĩa', 1),
(101, 'Nguyễn Thiệp', 1),
(102, 'Nguyễn Trãi', 1),
(103, 'Nguyễn Trung Ngạn', 1),
(104, 'Nguyễn Trung Trực', 1),
(105, 'Nguyễn Văn Bình', 1),
(106, 'Nguyễn Văn Chiêm', 1),
(107, 'Nguyễn Văn Côn', 1),
(108, 'Nguyễn Văn Cừ', 1),
(109, 'Nguyễn Văn Đại', 1),
(110, 'Nguyễn Văn Giai', 1),
(111, 'Nguyễn Văn Linh', 1),
(112, 'Nguyễn Văn Mai', 1),
(113, 'Nguyễn Văn Nguyễn', 1),
(114, 'Nguyễn Văn Thủ', 1),
(115, 'Nguyễn Văn Tráng', 1),
(116, 'Nguyễn Văn Trỗi', 1),
(117, 'Nguyễn Văn Trường', 1),
(118, 'Pasteur', 1),
(119, 'Phạm Hồng Thái', 1),
(120, 'Phạm Ngọc Thạch', 1),
(121, 'Phạm Ngũ Lão', 1),
(122, 'Phạm Viết Chánh', 1),
(123, 'Phan Bội Châu', 1),
(124, 'Phan Chu Trinh', 1),
(125, 'Phan Kế Bính', 1),
(126, 'Phan Liêm', 1),
(127, 'Phan Ngữ', 1),
(128, 'Phan Tôn', 1),
(129, 'Phan Văn Đạt', 1),
(130, 'Phan Văn Trường', 1),
(131, 'Phó Đức Chính', 1),
(132, 'Phùng Khắc Khoan', 1),
(133, 'Quang Trung', 1),
(134, 'Sương Nguyệt Ánh', 1),
(135, 'Thạch Thị Thanh', 1),
(136, 'Thái Bình', 1),
(137, 'Thái Văn Lung', 1),
(138, 'Thi Sách', 1),
(139, 'Thủ Khoa Huân', 1),
(140, 'Tôn Đức Thắng', 1),
(141, 'Tôn Thất Đạm', 1),
(142, 'Tôn Thất Thiệp', 1),
(143, 'Tôn Thất Tùng', 1),
(144, 'Trần Bình Trọng', 1),
(145, 'Trần Cao Vân', 1),
(146, 'Trần Đình Xu', 1),
(147, 'Trần Doãn Khanh', 1),
(148, 'Trần Hưng Đạo', 1),
(149, 'Trần Khắc Chân', 1),
(150, 'Trần Khánh Dư', 1),
(151, 'Trần Nhật Duật', 1),
(152, 'Trần Quang Khải', 1),
(153, 'Trần Quốc Thảo', 1),
(154, 'Trần Quý Khoách', 1),
(155, 'Trần Tuấn Khải', 1),
(156, 'Trần Văn Kỷ', 1),
(157, 'Trịnh Văn Cấn', 1),
(158, 'Trương Định', 1),
(159, 'Trương Hán Siêu', 1),
(160, 'Trường Sa', 1),
(161, 'Tú Xương', 1),
(162, 'Vạn Kiếp', 1),
(163, 'Võ Thị Sáu', 1),
(164, 'Võ Văn Kiệt', 1),
(165, 'Xô Viết Nghệ Tĩnh', 1),
(166, 'Yersin', 1),
(167, 'Đường 1', 2),
(168, 'Đường 10', 2),
(169, '10A', 2),
(170, '10F', 2),
(171, 'Đường 11', 2),
(172, 'Đường 12', 2),
(173, 'Đường 13', 2),
(174, 'Đường 14', 2),
(175, 'Đường 15', 2),
(176, 'Đường 16', 2),
(177, 'Đường 17', 2),
(178, 'Đường 18', 2),
(179, 'Đường 19', 2),
(180, 'Đường 2', 2),
(181, '2.5A', 2),
(182, 'Đường 20', 2),
(183, 'Đường 21', 2),
(184, 'Đường 215', 2),
(185, '21A', 2),
(186, 'Đường 22', 2),
(187, 'Đường 23', 2),
(188, 'Phố 24', 2),
(189, '24B', 2),
(190, 'Đường 25', 2),
(191, 'Đường 26', 2),
(192, 'Đường 27', 2),
(193, 'Đường 28', 2),
(194, 'Đường 29', 2),
(195, 'Đường 3', 2),
(196, 'Đường 30', 2),
(197, '30B', 2),
(198, 'Đường 31', 2),
(199, '31A', 2),
(200, '31B', 2),
(201, '31C', 2),
(202, '31D', 2),
(203, '31E', 2),
(204, '31F', 2),
(205, 'Đường 32', 2),
(206, 'Đường 33', 2),
(207, 'Đường 34', 2),
(208, 'Đường 35', 2),
(209, 'Phố 36', 2),
(210, '37A', 2),
(211, 'Đường 38', 2),
(212, 'Đường 39', 2),
(213, 'Đường 4', 2),
(214, 'Đường 40', 2),
(215, 'Đường 41', 2),
(216, '41B', 2),
(217, 'Đường 42', 2),
(218, 'Đường 43', 2),
(219, 'Đường 44', 2),
(220, 'Phố 45', 2),
(221, 'Đường 46', 2),
(222, 'Đường 47', 2),
(223, 'Đường 48', 2),
(224, 'Phố 49', 2),
(225, 'Đường 5', 2),
(226, 'Đường 50', 2),
(227, 'Đường 51', 2),
(228, 'Phố 52', 2),
(229, 'Đường 53', 2),
(230, 'Đường 54', 2),
(231, 'Đường 55', 2),
(232, 'Phố 56', 2),
(233, 'Đường 58', 2),
(234, 'Phố 59', 2),
(235, '5B', 2),
(236, 'Đường 6', 2),
(237, 'Đường 60', 2),
(238, 'Đường 61', 2),
(239, 'Đường 62', 2),
(240, 'Đường 63', 2),
(241, 'Phố 64', 2),
(242, 'Phố 65', 2),
(243, 'Đường 66', 2),
(244, 'Đường 68', 2),
(245, 'Đường 7', 2),
(246, 'Đường 76', 2),
(247, 'Đường 78', 2),
(248, '7A', 2),
(249, '7C', 2),
(250, 'Đường 8', 2),
(251, 'Đường 80', 2),
(252, 'Đường 83', 2),
(253, '8A', 2),
(254, '8G', 2),
(255, '8K', 2),
(256, 'Đường 9', 2),
(257, 'Đường 95', 2),
(258, 'A2', 2),
(259, 'An Phú', 2),
(260, 'An Phú Đông 27', 2),
(261, 'An Trang', 2),
(262, 'B', 2),
(263, 'Bát Nàn', 2),
(264, 'Bình An', 2),
(265, 'Bình Trưng', 2),
(266, 'Bùi Tá Hán', 2),
(267, 'Cao Đức Lân', 2),
(268, 'Đại Lộ Đông Tây', 2),
(269, 'Đàm Văn Lễ', 2),
(270, 'Đặng Hữu Phổ', 2),
(271, 'Đặng Như Mai', 2),
(272, 'Đặng Tiến Đông', 2),
(273, 'Đỗ Pháp Thuận', 2),
(274, 'Đỗ Quang', 2),
(275, 'Đỗ Xuân Hợp', 2),
(276, 'Đoàn Hữu Trưng', 2),
(277, 'Đông Hưng Thuận 6', 2),
(278, 'Đồng Quốc Bình', 2),
(279, 'Đồng Văn Cống', 2),
(280, 'Dư Hàng Kênh', 2),
(281, 'Đường A', 2),
(282, 'Đường C', 2),
(283, 'Dương Văn An', 2),
(284, 'G1', 2),
(285, 'Giang Văn Minh', 2),
(286, 'H', 2),
(287, 'Hà Quang', 2),
(288, 'Hàn Giang', 2),
(289, 'Hậu Lân', 2),
(290, 'Hiệp Thành 13', 2),
(291, 'Hương lộ 62', 2),
(292, 'K', 2),
(293, 'KP3', 2),
(294, 'Lâm Quang Ký', 2),
(295, 'Lê Đình Quản', 2),
(296, 'Lê Đức Thọ', 2),
(297, 'Lê Hiến Mai', 2),
(298, 'Lê Hồng Phong', 2),
(299, 'Lê Hữu Kiều', 2),
(300, 'Lê Phụng Hiểu', 2),
(301, 'Lê Thước', 2),
(302, 'Lê Văn Miến', 2),
(303, 'Lê Văn Thịnh', 2),
(304, 'Lộc Hòa', 2),
(305, 'Lương Định Của', 2),
(306, 'Lý Ông Trọng', 2),
(307, 'Mai Chí Thọ', 2),
(308, 'Mương Khai', 2),
(309, 'Ngô Quang Huy', 2),
(310, 'Nguyễn Án', 2),
(311, 'Nguyễn Bá Huân', 2),
(312, 'Nguyễn Bá Lân', 2),
(313, 'Nguyễn Cừ', 2),
(314, 'Nguyễn Đăng Đạo', 2),
(315, 'Nguyễn Đăng Giai', 2),
(316, 'Nguyễn Địa Lô', 2),
(317, 'Nguyễn Đôn Tiết', 2),
(318, 'Nguyễn Duy Hiệu', 2),
(319, 'Nguyễn Duy Trinh', 2),
(320, 'Nguyễn Hoàng', 2),
(321, 'Nguyễn Hương', 2),
(322, 'Nguyễn Huy Chương', 2),
(323, 'Nguyễn Khanh', 2),
(324, 'Nguyễn Khoa Đăng', 2),
(325, 'Nguyễn Lương Dĩ', 2),
(326, 'Nguyễn Quang Bật', 2),
(327, 'Nguyễn Quý Cảnh', 2),
(328, 'Nguyễn Quý Đức', 2),
(329, 'Nguyễn Thanh Sơn', 2),
(330, 'Nguyễn Thị Định', 2),
(331, 'Nguyễn Trọng Quân', 2),
(332, 'Nguyễn Trung Nguyệt', 2),
(333, 'Nguyễn Tư Nghiêm', 2),
(334, 'Nguyễn Tuyển', 2),
(335, 'Nguyễn Ư Dĩ', 2),
(336, 'Nguyễn Văn Giáp', 2),
(337, 'Nguyễn Văn Hưởng', 2),
(338, 'Nguyễn Văn Kỉnh', 2),
(339, 'Phạm Công Trứ', 2),
(340, 'Phạm Đôn Lễ', 2),
(341, 'Phạm Hy Lượng', 2),
(342, 'Phạm Thận Duật', 2),
(343, 'Phan Bá Vành', 2),
(344, 'Phan Văn Đáng', 2),
(345, 'Quách Giai', 2),
(346, 'Quốc Hương', 2),
(347, 'Quốc lộ 1A', 2),
(348, 'Song Hành', 2),
(349, 'Sử Hy Nhan', 2),
(350, 'Tạ Hiện', 2),
(351, 'Tân Chánh Hiệp 16', 2),
(352, 'Tân Lập 2', 2),
(353, 'Tân Thới Hiệp 10', 2),
(354, 'Thái Thuận', 2),
(355, 'Thân Văn Nhiếp', 2),
(356, 'Thạnh Lộc 27', 2),
(357, 'Thạnh Mỹ Bắc', 2),
(358, 'Thạnh Mỹ Lợi', 2),
(359, 'Thạnh Mỹ Nam', 2),
(360, 'Thạnh Xuân 13', 2),
(361, 'Thạnh Xuân 21', 2),
(362, 'Thảo Điền', 2),
(363, 'Thích Mật Thể', 2),
(364, 'Tỉnh Lộ 10', 2),
(365, 'Tỉnh lộ 25B', 2),
(366, 'Tống Hữu Định', 2),
(367, 'Trại Gà', 2),
(368, 'Trần Lưu', 2),
(369, 'Trần Lựu', 2),
(370, 'Trần Não', 2),
(371, 'Trần Ngọc Diện', 2),
(372, 'Trần Quang Đạo', 2),
(373, 'Trích Sài', 2),
(374, 'Trịnh Khắc Lập', 2),
(375, 'Trúc Đường', 2),
(376, 'Trương Gia Mô', 2),
(377, 'Trương Văn Bang', 2),
(378, 'Trương Văn Đa', 2),
(379, 'Vạn Kiếp', 2),
(380, 'Vành Đai 2', 2),
(381, 'Vành Đai Đông', 2),
(382, 'Võ Trường Toản', 2),
(383, 'Võ Văn Kiệt', 2),
(384, 'Vũ Phương Đế', 2),
(385, 'Vũ Tông Phan', 2),
(386, 'Xa Lộ Hà Nội', 2),
(387, 'Xuân Thủy', 2),
(388, '1 Cư xá Đô Thành', 3),
(389, 'Đường 2', 3),
(390, '2 Cư xá Đô Thành', 3),
(391, 'Đường 3', 3),
(392, '3 Cư xá Đô Thành', 3),
(393, '4 Cư xá Đô Thành', 3),
(394, '5 Cư Xá Đô Thành', 3),
(395, 'Đường 6', 3),
(396, '7 Cư xá Đô Thành', 3),
(397, 'Bà Huyện Thanh Quan', 3),
(398, 'Bà Lê Chân', 3),
(399, 'Bàn Cờ', 3),
(400, 'Bờ Bắc Kênh Nhiêu Lộc', 3),
(401, 'Bờ Nam Kênh Nhiêu Lộc', 3),
(402, 'Cách Mạng Tháng Tám', 3),
(403, 'Cao Thắng', 3),
(404, 'CT. Chiến sỹ', 3),
(405, 'CT. Dân Chủ', 3),
(406, 'Cư xá Đô Thành', 3),
(407, 'Đặng Văn Ngữ', 3),
(408, 'Điện Biên Phủ', 3),
(409, 'Đỗ Tấn Phong', 3),
(410, 'Đoàn Công Bửu', 3),
(411, 'Hai Bà Trưng', 3),
(412, 'Hồ Xuân Hương', 3),
(413, 'Hòa Hưng', 3),
(414, 'Hoàng Diệu', 3),
(415, 'Hoàng Sa', 3),
(416, 'Huỳnh Tịnh Của', 3),
(417, 'Huỳnh Văn Bánh', 3),
(418, 'Kênh Nhiêu Lộc', 3),
(419, 'Kỳ Đồng', 3),
(420, 'Lê Ngô Cát', 3),
(421, 'Lê Quý Đôn', 3),
(422, 'Lê Thị Riêng', 3),
(423, 'Lê Văn Sỹ', 3),
(424, 'Liên Phường', 3),
(425, 'Lý Chính Thắng', 3),
(426, 'Lý Thái Tổ', 3),
(427, 'Nam Kỳ Khởi Nghĩa', 3),
(428, 'Ngô Thời Nhiệm', 3),
(429, 'Nguyễn Biểu', 3),
(430, 'Nguyễn Đình Chiểu', 3),
(431, 'Nguyễn Du', 3),
(432, 'Nguyễn Gia Thiều', 3),
(433, 'Nguyễn Hiền', 3),
(434, 'Nguyễn Ngọc Phương', 3),
(435, 'Nguyễn Phúc Nguyên', 3),
(436, 'Nguyễn Sơn Hà', 3),
(437, 'Nguyễn Thị Diệu', 3),
(438, 'Nguyễn Thị Minh Khai', 3),
(439, 'Nguyễn Thị Nhiệm', 3),
(440, 'Nguyễn Thiện Thuật', 3),
(441, 'Nguyễn Thông', 3),
(442, 'Nguyễn Thượng Hiền', 3),
(443, 'Nguyễn Văn Khai', 3),
(444, 'Nguyễn Văn Mai', 3),
(445, 'Nguyễn Văn Trỗi', 3),
(446, 'Pasteur', 3),
(447, 'Phạm Đình Toái', 3),
(448, 'Phạm Ngọc Thạch', 3),
(449, 'Rạch Bùng Binh', 3),
(450, 'Sư Thiện Chiếu', 3),
(451, 'Sư Vạn Hạnh', 3),
(452, 'Trần Cao Vân', 3),
(453, 'Trần Hưng Đạo', 3),
(454, 'Trần Huy Liệu', 3),
(455, 'Trần Minh Quyền', 3),
(456, 'Trần Quang Diệu', 3),
(457, 'Trần Quốc Thảo', 3),
(458, 'Trần Quốc Toản', 3),
(459, 'Trần Văn Đang', 3),
(460, 'Trịnh Văn Cấn', 3),
(461, 'Trương Định', 3),
(462, 'Trương Quyền', 3),
(463, 'Trường Sa', 3),
(464, 'Tú Xương', 3),
(465, 'Võ Thị Sáu', 3),
(466, 'Võ Văn Tần', 3),
(467, 'Vườn Chuối', 3),
(468, 'Đường 1', 4),
(469, '10C', 4),
(470, 'Đường 11', 4),
(471, 'Đường 12', 4),
(472, '12A', 4),
(473, '12C', 4),
(474, 'Đường 13', 4),
(475, 'Đường 15', 4),
(476, 'Đường 16', 4),
(477, 'Đường 17', 4),
(478, 'Đường 18', 4),
(479, 'Đường 19', 4),
(480, 'Đường 2', 4),
(481, 'Đường 21', 4),
(482, 'Đường 22', 4),
(483, 'Đường 23', 4),
(484, 'Phố 24', 4),
(485, 'Đường 25', 4),
(486, 'Đường 28', 4),
(487, 'Đường 29', 4),
(488, '3/2', 4),
(489, 'Đường 30', 4),
(490, 'Đường 33', 4),
(491, 'Đường 34', 4),
(492, 'Phố 36', 4),
(493, 'Đường 38', 4),
(494, 'Đường 39', 4),
(495, 'Đường 4', 4),
(496, 'Đường 40', 4),
(497, 'Đường 41', 4),
(498, 'Đường 42', 4),
(499, 'Đường 43', 4),
(500, 'Đường 44', 4),
(501, 'Phố 45', 4),
(502, 'Đường 46', 4),
(503, 'Đường 48', 4),
(504, 'Phố 49', 4),
(505, 'Đường 6', 4),
(506, 'Đường 7', 4),
(507, 'Đường 8', 4),
(508, 'Đường 9', 4),
(509, 'Bà Huyện Thanh Quan', 4),
(510, 'Bến Vân Đồn', 4),
(511, 'Cách Mạng Tháng Tám', 4),
(512, 'Cao Lỗ', 4),
(513, 'Điện Biên Phủ', 4),
(514, 'Đoàn Nhữ Hài', 4),
(515, 'Đoàn Văn Bơ', 4),
(516, 'Dương Khánh Hội', 4),
(517, 'Hoàng Diệu', 4),
(518, 'Hoàng Sa', 4),
(519, 'Khánh Hội', 4),
(520, 'Lê Ngô Cát', 4),
(521, 'Lê Quốc Hưng', 4),
(522, 'Lê Thạch', 4),
(523, 'Lê Văn Linh', 4),
(524, 'Lý Chính Thắng', 4),
(525, 'Nam Kỳ Khởi Nghĩa', 4),
(526, 'Ngô Thời Nhiệm', 4),
(527, 'Ngô Văn Sở', 4),
(528, 'Nguyễn Hữu Hãn', 4),
(529, 'Nguyễn Hữu Hào', 4),
(530, 'Nguyễn Khoái', 4),
(531, 'Nguyễn Tất Thành', 4),
(532, 'Nguyễn Thần Hiến', 4),
(533, 'Nguyễn Thông', 4),
(534, 'Nguyễn Thượng Hiền', 4),
(535, 'Nguyễn Trường Tộ', 4),
(536, 'Phan Văn Hân', 4),
(537, 'Quốc lộ 32', 4),
(538, 'Tân Vĩnh', 4),
(539, 'Tôn Đản', 4),
(540, 'Tôn Thất Thuyết', 4),
(541, 'Trần Minh Quyền', 4),
(542, 'Trương Đình Hội', 4),
(543, 'Tú Xương', 4),
(544, 'Vân Đồn', 4),
(545, 'Vạn Quốc Tự', 4),
(546, 'Vĩnh Hội', 4),
(547, 'Vĩnh Khánh', 4),
(548, 'Xóm Chiếu', 4),
(549, 'Đường 5', 5),
(550, 'An Bình', 5),
(551, 'An Điềm', 5),
(552, 'An Dương Vương', 5),
(553, 'Bà Triệu', 5),
(554, 'Bạch Vân', 5),
(555, 'Bãi Sậy', 5),
(556, 'Bùi Hữu Nghĩa', 5),
(557, 'Cao Đạt', 5),
(558, 'Châu Văn Liêm', 5),
(559, 'Chiêu Anh Các', 5),
(560, 'Đặng Thái Thân', 5),
(561, 'Đào Tấn', 5),
(562, 'Đỗ Ngọc Thạnh', 5),
(563, 'Đỗ Văn Sửu', 5),
(564, 'Dương Tử Giang', 5),
(565, 'Gia Phú', 5),
(566, 'Gò Công', 5),
(567, 'Hà Tôn Quyền', 5),
(568, 'Hải Thượng Lãn Ông', 5),
(569, 'Hàm Tử', 5),
(570, 'Hòa Bình', 5),
(571, 'Học Lạc', 5),
(572, 'Hồng Bàng', 5),
(573, 'Hưng Phước', 5),
(574, 'Hùng Vương', 5),
(575, 'Huỳnh Mẫn Đạt', 5),
(576, 'Kim Biên', 5),
(577, 'Ký Hòa', 5),
(578, 'Lão Tử', 5),
(579, 'Lê Hồng Phong', 5),
(580, 'Lương Nhữ Học', 5),
(581, 'Lưu Xuân Tín', 5),
(582, 'Lý Thường Kiệt', 5),
(583, 'Mạc Cửu', 5),
(584, 'Mạc Thiên Tích', 5),
(585, 'Nghĩa Thục', 5),
(586, 'Ngô Gia Tự', 5),
(587, 'Ngô Nhân Tịnh', 5),
(588, 'Ngô Nhơn Tịnh', 5),
(589, 'Ngô Quyền', 5),
(590, 'Nguyễn Án', 5),
(591, 'Nguyễn An Khương', 5),
(592, 'Nguyễn Biểu', 5),
(593, 'Nguyễn Chí Thanh', 5),
(594, 'Nguyễn Duy Dương', 5),
(595, 'Nguyễn Kim', 5),
(596, 'Nguyễn Thi', 5),
(597, 'Nguyễn Thị Nhỏ', 5),
(598, 'Nguyễn Thời Trung', 5),
(599, 'Nguyễn Trãi', 5),
(600, 'Nguyễn Tri Phương', 5),
(601, 'Nguyễn Văn Côn', 5),
(602, 'Nguyễn Văn Cừ', 5),
(603, 'Nguyễn Văn Đừng', 5),
(604, 'Nhiêu Tâm', 5),
(605, 'Phạm Bân', 5),
(606, 'Phạm Đôn', 5),
(607, 'Phạm Hữu Chí', 5),
(608, 'Phan Huy Chú', 5),
(609, 'Phan Phú Tiên', 5),
(610, 'Phan Văn Khỏe', 5),
(611, 'Phan Văn Trị', 5),
(612, 'Phó Cơ Điều', 5),
(613, 'Phú Định', 5),
(614, 'Phù Đổng Thiên Vương', 5),
(615, 'Phú Giáo', 5),
(616, 'Phú Hữu', 5),
(617, 'Phùng Hưng', 5),
(618, 'Phước Hưng', 5),
(619, 'Sư Vạn Hạnh', 5),
(620, 'Tạ Quang Bửu', 5),
(621, 'Tạ Uyên', 5),
(622, 'Tản Đà', 5),
(623, 'Tân Hàng', 5),
(624, 'Tân Hưng', 5),
(625, 'Tân Thành', 5),
(626, 'Tăng Bạt Hổ', 5),
(627, 'Thuận Kiều', 5),
(628, 'Tống Duy Tân', 5),
(629, 'Tống Văn Hên', 5),
(630, 'Trần Bình Trọng', 5),
(631, 'Trần Chánh Chiếu', 5),
(632, 'Trần Điền', 5),
(633, 'Trần Hòa', 5),
(634, 'Trần Hòa', 5),
(635, 'Trần Hưng Đạo', 5),
(636, 'Trần Nhân Tôn', 5),
(637, 'Trần Phú', 5),
(638, 'Trần Tuấn Khải', 5),
(639, 'Trần Tướng Công', 5),
(640, 'Trần Văn Kiểu', 5),
(641, 'Trần Văn Tôn', 5),
(642, 'Trần Xuân Hòa', 5),
(643, 'Trang Tử', 5),
(644, 'Triệu Quang Phục', 5),
(645, 'Trịnh Hoài Đức', 5),
(646, 'Vạn Kiếp', 5),
(647, 'Vạn Tượng', 5),
(648, 'Võ Trường Toản', 5),
(649, 'Võ Văn Kiệt', 5),
(650, 'Vũ Chí Hiếu', 5),
(651, 'Vũ Chí Hiếu', 5),
(652, 'Xóm Chỉ', 5),
(653, 'Xóm Vôi', 5),
(654, 'Yết Kiêu', 5),
(655, 'Đường 1', 6),
(656, 'Đường 10', 6),
(657, 'Đường 11', 6),
(658, 'Đường 12', 6),
(659, 'Đường 13', 6),
(660, 'Đường 14', 6),
(661, 'Đường 15', 6),
(662, 'Đường 16', 6),
(663, 'Đường 17', 6),
(664, 'Đường 18', 6),
(665, 'Đường 19', 6),
(666, '1A', 6),
(667, '1B', 6),
(668, 'Đường 2', 6),
(669, 'Đường 20', 6),
(670, 'Đường 21', 6),
(671, 'Đường 22', 6),
(672, 'Đường 23', 6),
(673, 'Phố 24', 6),
(674, 'Đường 25', 6),
(675, 'Đường 26', 6),
(676, '26A', 6),
(677, 'Đường 28', 6),
(678, 'Đường 29', 6),
(679, 'Đường 3', 6),
(680, 'Đường 30', 6),
(681, 'Đường 31', 6),
(682, 'Đường 32', 6),
(683, '32A', 6),
(684, 'Đường 33', 6),
(685, 'Đường 34', 6),
(686, 'Đường 35', 6),
(687, 'Phố 36', 6),
(688, 'Phố 37', 6),
(689, 'Đường 4', 6),
(690, 'Đường 41', 6),
(691, 'Đường 42', 6),
(692, 'Đường 43', 6),
(693, 'Đường 44', 6),
(694, 'Phố 45', 6),
(695, 'Phố 49', 6),
(696, 'Đường 5', 6),
(697, 'Đường 51', 6),
(698, 'Đường 53', 6),
(699, 'Đường 54', 6),
(700, 'Đường 55', 6),
(701, 'Đường 57', 6),
(702, 'Đường 58', 6),
(703, 'Đường 6', 6),
(704, 'Đường 60', 6),
(705, 'Đường 61', 6),
(706, 'Phố 64', 6),
(707, 'Đường 68', 6),
(708, 'Đường 7', 6),
(709, 'Đường 70', 6),
(710, 'Phố 74', 6),
(711, 'Đường 76', 6),
(712, 'Đường 78', 6),
(713, 'Đường 8', 6),
(714, 'Đường 82', 6),
(715, 'Đường 9', 6),
(716, 'An Dương Vương', 6),
(717, 'Bà Hom', 6),
(718, 'Bà Ký', 6),
(719, 'Bà Lài', 6),
(720, 'Bãi Sậy', 6),
(721, 'Bến Phú Lâm', 6),
(722, 'Bình Phú', 6),
(723, 'Bình Phú 1', 6),
(724, 'Bình Phú 2', 6),
(725, 'Bình Tây', 6),
(726, 'Bình Thới', 6),
(727, 'Bình Tiên', 6),
(728, 'Bửu Đình', 6),
(729, 'Cao Văn Lầu', 6),
(730, 'Chợ Lớn', 6),
(731, 'Chu Văn An', 6),
(732, 'Cư Xá Phú Lâm A', 6),
(733, 'Cư Xá Phú Lâm B', 6),
(734, 'Cư Xá Phú Lâm D', 6),
(735, 'Đại Lộ Đông Tây', 6),
(736, 'Đặng Nguyên Cẩn', 6),
(737, 'Gia Phú', 6),
(738, 'Hậu Giang', 6),
(739, 'Hoàng Lê Kha', 6),
(740, 'Hồng Bàng', 6),
(741, 'Hùng Vương', 6),
(742, 'Khiêu Năng Tĩnh', 6),
(743, 'Khiếu Năng Tĩnh', 6),
(744, 'Kinh Dương Vương', 6),
(745, 'Lê Công Miễn', 6),
(746, 'Lê Quang Sung', 6),
(747, 'Lê Tấn Kế', 6),
(748, 'Lê Trực', 6),
(749, 'Lê Tuấn Mậu', 6),
(750, 'Lò Gốm', 6),
(751, 'Lý Chiêu Hoàng', 6),
(752, 'Mai Xuân Thưởng', 6),
(753, 'Minh Phụng', 6),
(754, 'N77', 6),
(755, 'Ngô Nhân Tịnh', 6),
(756, 'Nguyễn Đình Chi', 6),
(757, 'Nguyễn Phạm Tuân', 6),
(758, 'Nguyễn Thị Nhỏ', 6),
(759, 'Nguyễn Văn Luông', 6),
(760, 'Nguyễn Xuân Phụng', 6),
(761, 'Phạm Đình Hổ', 6),
(762, 'Phạm Ngọc Thạch', 6),
(763, 'Phạm Phú Thứ', 6),
(764, 'Phạm Văn Chí', 6),
(765, 'Phan Anh', 6),
(766, 'Phan Văn Khỏe', 6),
(767, 'Quốc lộ 32', 6),
(768, 'Song Hành', 6),
(769, 'Tân Hóa', 6),
(770, 'Tân Hòa Đông', 6),
(771, 'Thái Phiên', 6),
(772, 'Tháp Mười', 6),
(773, 'Tỉnh Lộ 10', 6),
(774, 'Trần Bình', 6),
(775, 'Trần Trung Lập', 6),
(776, 'Trần Văn Kiểu', 6),
(777, 'Trang Tử', 6),
(778, 'Trương Tấn Sang', 6),
(779, 'Văn Thân', 6),
(780, 'Vành Đai', 6),
(781, 'Vệ Định', 6),
(782, 'Võ Đình Tú', 6),
(783, 'Võ Trung Thành', 6),
(784, 'Võ Văn Kiệt', 6),
(785, 'Võ Văn Tần', 6),
(786, 'Đường 1', 7),
(787, 'Đường 10', 7),
(788, 'Đường 11', 7),
(789, '11N', 7),
(790, 'Đường 12', 7),
(791, '12B', 7),
(792, 'Đường 13', 7),
(793, 'Đường 14', 7),
(794, '14A', 7),
(795, 'Đường 15', 7),
(796, '15B', 7),
(797, 'Đường 16', 7),
(798, 'Đường 17', 7),
(799, 'Đường 18', 7),
(800, 'Đường 19', 7),
(801, 'Đường 2', 7),
(802, 'Đường 20', 7),
(803, 'Đường 21', 7),
(804, 'Đường 22', 7),
(805, 'Đường 23', 7),
(806, 'Phố 24', 7),
(807, 'Đường 25', 7),
(808, '25A', 7),
(809, 'Đường 27', 7),
(810, 'Đường 28', 7),
(811, 'Đường 29', 7),
(812, 'Đường 3', 7),
(813, 'Đường 30', 7),
(814, 'Đường 31', 7),
(815, 'Đường 32', 7),
(816, 'Đường 33', 7),
(817, 'Đường 34', 7),
(818, 'Đường 35', 7),
(819, 'Phố 36', 7),
(820, 'Phố 37', 7),
(821, 'Đường 38', 7),
(822, 'Đường 39', 7),
(823, '3A', 7),
(824, 'Đường 4', 7),
(825, 'Đường 40', 7),
(826, 'Đường 41', 7),
(827, 'Đường 42', 7),
(828, 'Đường 43', 7),
(829, 'Đường 44', 7),
(830, 'Phố 45', 7),
(831, 'Đường 47', 7),
(832, 'Đường 48', 7),
(833, 'Phố 49', 7),
(834, '4A', 7),
(835, '4F', 7),
(836, 'Đường 5', 7),
(837, 'Đường 51', 7),
(838, 'Đường 53', 7),
(839, 'Phố 56', 7),
(840, 'Phố 59', 7),
(841, '5K', 7),
(842, 'Đường 6', 7),
(843, 'Đường 61', 7),
(844, 'Đường 62', 7),
(845, 'Đường 63', 7),
(846, 'Phố 65', 7),
(847, 'Đường 66', 7),
(848, 'Đường 67', 7),
(849, 'Đường 68', 7),
(850, 'Đường 69', 7),
(851, 'Đường 7', 7),
(852, 'Đường 70', 7),
(853, 'Đường 71', 7),
(854, 'Đường 73', 7),
(855, 'Phố 75', 7),
(856, 'Đường 76', 7),
(857, 'Đường 77', 7),
(858, 'Đường 78', 7),
(859, 'Đường 79', 7),
(860, '7L', 7),
(861, 'Đường 8', 7),
(862, 'Đường 81', 7),
(863, 'Đường 83', 7),
(864, 'Đường 85', 7),
(865, 'Đường 9', 7),
(866, '9M', 7),
(867, 'Bế Văn Cấm', 7),
(868, 'Bến Nghé', 7),
(869, 'Bùi Bằng Đoàn', 7),
(870, 'Bùi Văn Ba', 7),
(871, 'Cao Triều Phát', 7),
(872, 'Chuyên Dùng', 7),
(873, 'Chuyên Dùng 9', 7),
(874, 'D1', 7),
(875, 'D4', 7),
(876, 'Đặng Đại Độ', 7),
(877, 'Đặng Đức Thuật', 7),
(878, 'Đào Tông Nguyên', 7),
(879, 'Đào Trí', 7),
(880, 'Đô Đốc Tuyết', 7),
(881, 'Giải Phóng', 7),
(882, 'Gò Lu', 7),
(883, 'Gò Ô Môi', 7),
(884, 'Hà Huy Tập', 7),
(885, 'Him Lam', 7),
(886, 'Hoàng Quốc Việt', 7),
(887, 'Hoàng Văn Thái', 7),
(888, 'Hưng Gia 2', 7),
(889, 'Hưng Gia 5', 7),
(890, 'Hưng Phước', 7),
(891, 'Hưng Thái', 7),
(892, 'Huỳnh Tấn Phát', 7),
(893, 'Kiều Đàm', 7),
(894, 'Lâm Văn Bền', 7),
(895, 'Lãnh Binh Thăng', 7),
(896, 'Lê Đăng Lương', 7),
(897, 'Lê Văn Lương', 7),
(898, 'Lê Văn Thêm', 7),
(899, 'Lê Văn Thiêm', 7),
(900, 'Lưu Trọng Lư', 7),
(901, 'Lý Long Tường', 7),
(902, 'Lý Phục Man', 7),
(903, 'Mai Chí Thọ', 7),
(904, 'Mai Văn Vĩnh', 7),
(905, 'Mỹ Hưng', 7),
(906, 'Mỹ Phú 1', 7),
(907, 'Mỹ Tú Cảnh Quan', 7),
(908, 'Nguyễn Bính', 7),
(909, 'Nguyễn Cao Nam', 7),
(910, 'Nguyễn Đức Cảnh', 7),
(911, 'Nguyễn Hữu Thọ', 7),
(912, 'Nguyễn Khắc Viện', 7),
(913, 'Nguyễn Lương Bằng', 7),
(914, 'Nguyễn Thị Thập', 7),
(915, 'Nguyễn Văn Bính', 7),
(916, 'Nguyễn Văn Linh', 7),
(917, 'Nguyễn Văn Luông', 7),
(918, 'Nguyễn Văn Quỳ', 7),
(919, 'Phạm Hữu Lầu', 7),
(920, 'Phạm Thái Bường', 7),
(921, 'Phạm Văn Nghị', 7),
(922, 'Phan Huy Thực.', 7),
(923, 'Phan Khiêm Ích', 7),
(924, 'Phú Thuận', 7),
(925, 'Quốc lộ 32', 7),
(926, 'Quốc lộ 71', 7),
(927, 'Tân An Huy', 7),
(928, 'Tân Mỹ', 7),
(929, 'Tân Phú', 7),
(930, 'Tân Quy', 7),
(931, 'Tân Quý', 7),
(932, 'Tân Quy Đông', 7),
(933, 'Tân Thuận Tây', 7),
(934, 'Tân Trào', 7),
(935, 'Tân Văn Khánh', 7),
(936, 'Thái Văn Bương', 7),
(937, 'Thới An 22', 7),
(938, 'Tiểu Nam', 7),
(939, 'Tỉnh lộ 15B', 7),
(940, 'Tỉnh lộ 73', 7),
(941, 'Tôn Dật Tiên', 7),
(942, 'Trần Đức Lương', 7),
(943, 'Trần Quốc Toản', 7),
(944, 'Trần Trọng Cung', 7),
(945, 'Trần Văn Khánh', 7),
(946, 'Trần Văn Trà', 7),
(947, 'Trần Xuân Soạn', 7),
(948, 'Vườn Điều', 7),
(949, 'Đường 1', 8),
(950, 'Đường 10', 8),
(951, 'Đường 1011', 8),
(952, 'Đường 102', 8),
(953, 'Đường 11', 8),
(954, 'Đường 1107', 8),
(955, 'Đường 111', 8),
(956, 'Đường 12', 8),
(957, 'Đường 13', 8),
(958, 'Đường 14', 8),
(959, 'Đường 15', 8),
(960, 'Đường 16', 8),
(961, 'Đường 17', 8),
(962, 'Đường 172', 8),
(963, '19/8', 8),
(964, 'Đường 2', 8),
(965, 'Đường 20', 8),
(966, 'Đường 21', 8),
(967, 'Đường 23', 8),
(968, 'Đường 239', 8),
(969, 'Phố 24', 8),
(970, 'Đường 25', 8),
(971, 'Đường 26', 8),
(972, 'Đường 27', 8),
(973, 'Đường 270', 8),
(974, 'Đường 284', 8),
(975, 'Đường 29', 8),
(976, 'Đường 3', 8),
(977, 'Đường 31', 8),
(978, 'Đường 318', 8),
(979, 'Đường 332', 8),
(980, 'Đường 4', 8),
(981, 'Đường 41', 8),
(982, 'Đường 42', 8),
(983, 'Đường 44', 8),
(984, 'Đường 47', 8),
(985, 'Đường 5', 8),
(986, 'Đường 50', 8),
(987, 'Đường 6', 8),
(988, 'Đường 66', 8),
(989, 'Đường 7', 8),
(990, 'Đường 715', 8),
(991, 'Phố 74', 8),
(992, 'Đường 8', 8),
(993, 'Đường 9', 8),
(994, 'Đường 92', 8),
(995, '9A', 8),
(996, 'An Dương Vương', 8),
(997, 'An Hải 4', 8),
(998, 'An Phú Đông 27', 8),
(999, 'An Phú Tây', 8),
(1000, 'Âu Dương Lân', 8),
(1001, 'Ba Đình', 8),
(1002, 'Ba Tơ', 8),
(1003, 'Bàu Hạt 2', 8),
(1004, 'Bàu Trảng 5', 8),
(1005, 'Bến Bình Đăng', 8),
(1006, 'Bến Bình Đông', 8),
(1007, 'Bến Nguyễn Duy', 8),
(1008, 'Bến Phú Định', 8),
(1009, 'Bình Đông', 8),
(1010, 'Bình Đức', 8),
(1011, 'Bông Sao', 8),
(1012, 'Bùi Huy Bích', 8),
(1013, 'Bùi Minh Trực', 8),
(1014, 'C2', 8),
(1015, 'Cần Giuộc', 8),
(1016, 'Cao Lỗ', 8),
(1017, 'Cao Xuân Dục', 8),
(1018, 'Cây Sung', 8),
(1019, 'Chánh Hưng', 8),
(1020, 'Cù Lao Thượng', 8),
(1021, 'D15', 8),
(1022, 'D4', 8),
(1023, 'Dạ Nam', 8),
(1024, 'Dã Tượng', 8),
(1025, 'Đại Lộ Đông Tây', 8),
(1026, 'Đặng Chất', 8),
(1027, 'Đào Cam Mộc', 8),
(1028, 'Đình An Tài', 8),
(1029, 'Đinh Hòa', 8),
(1030, 'Đồng Diều', 8),
(1031, 'Đông Hồ', 8),
(1032, 'Đông Hưng Thuận 6', 8),
(1033, 'ĐT 741', 8),
(1034, 'ĐT 747', 8),
(1035, 'Dương Bá Trạc', 8),
(1036, 'Dương Đình Hội', 8),
(1037, 'Dương Khả Trạc', 8),
(1038, 'Hàn Giang', 8),
(1039, 'Hậu Lân', 8),
(1040, 'Hiệp Thành 13', 8),
(1041, 'Hồ Biểu Chánh', 8),
(1042, 'Hồ Học Lãm', 8),
(1043, 'Hoài Thanh', 8),
(1044, 'Hoàng Đạo Thúy', 8),
(1045, 'Hoàng Minh Đạo', 8),
(1046, 'Hoàng Sĩ Khải', 8),
(1047, 'Hưng Long', 8),
(1048, 'Hưng Phú', 8),
(1049, 'Huỳnh Bá Chánh', 8),
(1050, 'Huỳnh Thị Phụng', 8),
(1051, 'Khởi Nghĩa Bắc Sơn', 8),
(1052, 'Lê Quang Kim', 8),
(1053, 'Lê Thành Phương', 8),
(1054, 'Liên Tỉnh 5', 8),
(1055, 'Lộc Hòa', 8),
(1056, 'Lương Ngọc Quyến', 8),
(1057, 'Lương Văn Can', 8),
(1058, 'Lưu Hữu Phước', 8),
(1059, 'Lưu Quý Kỳ', 8),
(1060, 'Lý Đạo Thành', 8),
(1061, 'Lý Ông Trọng', 8),
(1062, 'Mạc Vân', 8),
(1063, 'Mai Am', 8),
(1064, 'Mai Hắc Đế', 8),
(1065, 'Mễ Cốc', 8),
(1066, 'Mương Khai', 8),
(1067, 'Ngô Sỹ Liên', 8),
(1068, 'Nguyễn Chế Nghĩa', 8),
(1069, 'Nguyễn Duy', 8),
(1070, 'Nguyễn Huy Chương', 8),
(1071, 'Nguyễn Khanh', 8),
(1072, 'Nguyễn Khuyến', 8),
(1073, 'Nguyễn Ngọc Cung', 8),
(1074, 'Nguyễn Nhược Thi', 8),
(1075, 'Nguyễn Quyền', 8),
(1076, 'Nguyễn Sỹ Cố', 8),
(1077, 'Nguyễn Thị Tần', 8),
(1078, 'Nguyễn Thị Thập', 8),
(1079, 'Nguyễn Trung Ngạn', 8),
(1080, 'Nguyễn Văn Cừ', 8),
(1081, 'Nguyễn Văn Của', 8),
(1082, 'Nguyễn Văn Linh', 8),
(1083, 'Núi Một', 8),
(1084, 'P4', 8),
(1085, 'Phạm Hùng', 8),
(1086, 'Phạm Thế Hiển', 8),
(1087, 'Phong Phú', 8),
(1088, 'Phú Định', 8),
(1089, 'Phú Trung', 8),
(1090, 'Quốc Lộ 50', 8),
(1091, 'Quy Đức', 8),
(1092, 'Rạch Cát', 8),
(1093, 'Rạch Năng', 8),
(1094, 'Rạch Ông', 8),
(1095, 'Tạ Quang Bửu', 8),
(1096, 'Tân Chánh Hiệp 16', 8),
(1097, 'Tân Chánh Hiệp 2', 8),
(1098, 'Tân Thới Hiệp 10', 8),
(1099, 'Thạnh Lộc 27', 8),
(1100, 'Thạnh Xuân 13', 8),
(1101, 'Thạnh Xuân 21', 8),
(1102, 'Thích Bửu Đăng', 8),
(1103, 'Trại Gà', 8),
(1104, 'Trần Nguyên Hãn', 8),
(1105, 'Trần Quang Đạo', 8),
(1106, 'Trần Văn Thành', 8),
(1107, 'Trích Sài', 8),
(1108, 'Trịnh Quang Nghị', 8),
(1109, 'Trương Đình Hội', 8),
(1110, 'Trương Văn Đa', 8),
(1111, 'Tùng Thiện Vương', 8),
(1112, 'Tuy Lý Vương', 8),
(1113, 'Ụ Cây', 8),
(1114, 'Ưu Long', 8),
(1115, 'Vành Đai 2', 8),
(1116, 'Vĩnh Nam', 8),
(1117, 'Võ Trứ', 8),
(1118, 'Võ Văn Kiệt', 8),
(1119, 'Xa La', 8),
(1120, 'Xóm Củi', 8),
(1121, 'Đường 1', 9),
(1122, 'Đường 10', 9),
(1123, '100A', 9),
(1124, 'Đường 102', 9),
(1125, 'Đường 104', 9),
(1126, 'Đường 106', 9),
(1127, 'Đường 109', 9),
(1128, 'Đường 11', 9),
(1129, 'Đường 12', 9),
(1130, 'Đường 120', 9),
(1131, 'Đường 128', 9),
(1132, 'Đường 129', 9),
(1133, '12A', 9),
(1134, '12C', 9),
(1135, '12E', 9),
(1136, 'Đường 13', 9),
(1137, 'Đường 132', 9),
(1138, 'Đường 138', 9),
(1139, 'Đường 14', 9),
(1140, 'Đường 141', 9),
(1141, 'Đường 144', 9),
(1142, 'Đường 145', 9),
(1143, 'Đường 147', 9),
(1144, 'Đường 15', 9),
(1145, 'Đường 154', 9),
(1146, 'Đường 16', 9),
(1147, 'Đường 160', 9),
(1148, 'Đường 168', 9),
(1149, 'Đường 17', 9),
(1150, 'Đường 175', 9),
(1151, 'Đường 176', 9),
(1152, 'Đường 179', 9),
(1153, 'Đường 18', 9),
(1154, 'Đường 182', 9),
(1155, 'Đường 185', 9),
(1156, '18A', 9),
(1157, '18B', 9),
(1158, 'Đường 19', 9),
(1159, 'Đường 197', 9),
(1160, 'Đường 198', 9),
(1161, '1A', 9),
(1162, 'Đường 2', 9),
(1163, 'Đường 20', 9),
(1164, 'Đường 207', 9),
(1165, 'Đường 21', 9),
(1166, 'Đường 210', 9),
(1167, 'Đường 211', 9),
(1168, 'Đường 212', 9),
(1169, 'Đường 215', 9),
(1170, 'Đường 22', 9),
(1171, 'Đường 23', 9),
(1172, 'Đường 236', 9),
(1173, 'Đường 239', 9),
(1174, 'Phố 24', 9),
(1175, 'Đường 244', 9),
(1176, 'Đường 245', 9),
(1177, 'Đường 25', 9),
(1178, 'Đường 26', 9),
(1179, 'Đường 265', 9),
(1180, 'Đường 27', 9),
(1181, 'Đường 275', 9),
(1182, 'Đường 28', 9),
(1183, 'Đường 29', 9),
(1184, 'Đường 295', 9),
(1185, 'Đường 297', 9),
(1186, 'Đường 3', 9),
(1187, 'Đường 31', 9),
(1188, 'Đường 311', 9),
(1189, 'Đường 32', 9),
(1190, 'Đường 33', 9),
(1191, 'Đường 339', 9),
(1192, 'Đường 35', 9),
(1193, 'Đường 359', 9),
(1194, 'Đường 360', 9),
(1195, 'Đường 379', 9),
(1196, 'Đường 385', 9),
(1197, 'Đường 39', 9),
(1198, 'Đường 4', 9),
(1199, 'Đường 400', 9),
(1200, 'Đường 43', 9),
(1201, 'Đường 441', 9),
(1202, 'Đường 442', 9),
(1203, 'Đường 447', 9),
(1204, 'Đường 449', 9),
(1205, 'Đường 455', 9),
(1206, 'Đường 47', 9),
(1207, 'Đường 475', 9),
(1208, 'Phố 49', 9),
(1209, 'Đường 494', 9),
(1210, 'Đường 5', 9),
(1211, 'Đường 50', 9),
(1212, 'Phố 52', 9),
(1213, 'Đường 539', 9),
(1214, 'Đường 546', 9),
(1215, 'Đường 58', 9),
(1216, 'Đường 588', 9),
(1217, 'Đường 6', 9),
(1218, 'Đường 60', 9),
(1219, 'Đường 61', 9),
(1220, 'Phố 65', 9),
(1221, 'Đường 66', 9),
(1222, 'Đường 671', 9),
(1223, 'Đường 672', 9),
(1224, 'Đường 68', 9),
(1225, 'Đường 680', 9),
(1226, '6A', 9),
(1227, '6B', 9),
(1228, '6C', 9),
(1229, '6D', 9),
(1230, 'Đường 7', 9),
(1231, 'Đường 73', 9),
(1232, 'Phố 74', 9),
(1233, 'Đường 77', 9),
(1234, 'Đường 79', 9),
(1235, '7A', 9),
(1236, 'Đường 8', 9),
(1237, 'Đường 816', 9),
(1238, 'Đường 835', 9),
(1239, 'Đường 836', 9),
(1240, 'Đường 882', 9),
(1241, 'Đường 89', 9),
(1242, 'Đường 898', 9),
(1243, 'Đường 9', 9),
(1244, 'Đường 904', 9),
(1245, 'Đường 94', 9),
(1246, 'Đường 96', 9),
(1247, 'Đường 963', 9),
(1248, 'Đường 970', 9),
(1249, 'Đường 98', 9),
(1250, 'Đường 980', 9),
(1251, 'Đường 99', 9),
(1252, 'Đường 990', 9),
(1253, 'An Phú Đông 27', 9),
(1254, 'Bắc Rạch Chiếc', 9),
(1255, 'Bàu Cát', 9),
(1256, 'Bùi Xương Trạch', 9),
(1257, 'Bưng Ông Thoàn', 9),
(1258, 'Cầu Đình', 9),
(1259, 'Cầu Xây', 9),
(1260, 'Cầu Xây 1', 9),
(1261, 'Cầu Xây 2', 9),
(1262, 'Chu Văn An', 9),
(1263, 'Cù Lao Thượng', 9),
(1264, 'D1', 9),
(1265, 'D11', 9),
(1266, 'D13', 9),
(1267, 'D15', 9),
(1268, 'D16', 9),
(1269, 'D17', 9),
(1270, 'D2', 9),
(1271, 'D3', 9),
(1272, 'D4', 9),
(1273, 'D5', 9),
(1274, 'D6', 9),
(1275, 'D7', 9),
(1276, 'D8', 9),
(1277, 'D9', 9),
(1278, 'Đại lộ 2', 9),
(1279, 'Đại lộ 3', 9),
(1280, 'Đại lộ 61', 9),
(1281, 'Đại Lộ Đông Tây', 9),
(1282, 'Dân Chủ', 9),
(1283, 'Đặng Nghiêm', 9),
(1284, 'Đinh Củng Viên', 9),
(1285, 'Đình Phong Phú', 9),
(1286, 'Đỗ Thế Diên', 9),
(1287, 'Đỗ Xuân Hợp', 9),
(1288, 'Đông Hưng Thuận 6', 9),
(1289, 'ĐT 741', 9),
(1290, 'ĐT 747', 9),
(1291, 'Dương Đình Hội', 9),
(1292, 'Gò Cát', 9),
(1293, 'Gò Công', 9),
(1294, 'Gò Đồi', 9),
(1295, 'Gò Lu', 9),
(1296, 'Hai Bà Trưng', 9),
(1297, 'Hàn Giang', 9),
(1298, 'Hàng Tre', 9),
(1299, 'Hậu Lân', 9),
(1300, 'Hi - Tech Park', 9),
(1301, 'Hiền Vương', 9),
(1302, 'Hiệp Thành 13', 9),
(1303, 'Hiệp Thành 18', 9),
(1304, 'Hồ Bá Phấn', 9),
(1305, 'Hồ Biểu Chánh', 9),
(1306, 'Hồ Ngọc Lãm', 9),
(1307, 'Hoàng Hữu Nam', 9),
(1308, 'Hồng Sến', 9),
(1309, 'Huy Cận', 9),
(1310, 'Huỳnh Thúc Kháng', 9),
(1311, 'Ích Thạnh', 9),
(1312, 'Khởi Nghĩa Bắc Sơn', 9),
(1313, 'Khổng Tử', 9),
(1314, 'Khổng Tử', 9),
(1315, 'Lã Xuân Oai', 9),
(1316, 'Lâm Viên', 9),
(1317, 'Làng Tăng Phú', 9),
(1318, 'Lê Lợi', 9),
(1319, 'Lê Thánh Tôn', 9),
(1320, 'Lê Văn Thứ', 9),
(1321, 'Lê Văn Việt', 9),
(1322, 'Lê Xuân Oai', 9),
(1323, 'Liên Phường', 9),
(1324, 'Lò Lu', 9),
(1325, 'Lộc Hòa', 9),
(1326, 'Long Phước', 9),
(1327, 'Long Sơn', 9),
(1328, 'Long Thành - Dầu Giây', 9),
(1329, 'Long Thuận', 9),
(1330, 'Lý Ông Trọng', 9),
(1331, 'Lý Thái Tổ', 9),
(1332, 'Mã Lò', 9),
(1333, 'Mạc Hiền Tích', 9),
(1334, 'Man Thiện', 9),
(1335, 'Mương Khai', 9),
(1336, 'N1', 9),
(1337, 'N7', 9),
(1338, 'Nam Cao', 9),
(1339, 'Nam Hòa', 9),
(1340, 'Ngô Quyền', 9),
(1341, 'Nguyễn Công Trứ', 9),
(1342, 'Nguyễn Đình Thi', 9),
(1343, 'Nguyễn Duy Trinh', 9),
(1344, 'Nguyễn Huy Chương', 9),
(1345, 'Nguyễn Khanh', 9),
(1346, 'Nguyễn Thị Sóc', 9),
(1347, 'Nguyễn Tri Phương', 9),
(1348, 'Nguyễn Văn Tăng', 9),
(1349, 'Nguyễn Văn Thành', 9),
(1350, 'Nguyễn Xiển', 9),
(1351, 'Nguyễn Xiểu', 9),
(1352, 'Núi Một', 9),
(1353, 'Phạm Hồng Thái', 9),
(1354, 'Phạm Trọng Cầu', 9),
(1355, 'Phan Chu Trinh', 9),
(1356, 'Phan Đặng Đức', 9),
(1357, 'Phan Đạt Đức', 9),
(1358, 'Phan Đình Phùng', 9),
(1359, 'Phong Phú', 9),
(1360, 'Phú Trung', 9),
(1361, 'Phước Bình', 9),
(1362, 'Phước Hậu', 9),
(1363, 'Phước Thiện', 9),
(1364, 'Quang Trung', 9),
(1365, 'Quốc lộ 106', 9),
(1366, 'Tam Đa', 9),
(1367, 'Tân Chánh Hiệp 16', 9),
(1368, 'Tân Chánh Hiệp 2', 9),
(1369, 'Tân Hóa', 9),
(1370, 'Tân Hòa', 9),
(1371, 'Tân Hòa 2', 9),
(1372, 'Tân Lập 1', 9),
(1373, 'Tân Lập 2', 9),
(1374, 'Tân Thới Hiệp 10', 9),
(1375, 'Tăng Nhơn Phú', 9),
(1376, 'Tây Hòa', 9),
(1377, 'Tây Hòa 2', 9),
(1378, 'Thạnh Lộc 27', 9),
(1379, 'Thạnh Xuân 13', 9),
(1380, 'Thạnh Xuân 21', 9),
(1381, 'Thích Bửu Đăng', 9),
(1382, 'Thủy Lợi', 9),
(1383, 'Tỉnh lộ 179', 9),
(1384, 'Tỉnh lộ 359', 9),
(1385, 'Trại Gà', 9),
(1386, 'Trần Hưng Đạo', 9),
(1387, 'Trần Kế Xương', 9),
(1388, 'Trần Quang Đạo', 9),
(1389, 'Trần Quang Khải', 9),
(1390, 'Trần Trọng Khiêm', 9),
(1391, 'Trích Sài', 9),
(1392, 'Trịnh Hoài Đức', 9),
(1393, 'Trường Khánh', 9),
(1394, 'Trường Lưu', 9),
(1395, 'Trường Thạnh', 9),
(1396, 'Trương Văn Đa', 9),
(1397, 'Trương Văn Hải', 9),
(1398, 'Trương Văn Thành', 9),
(1399, 'Tự Do', 9),
(1400, 'Tú Xương', 9),
(1401, 'Út Trà Ôn', 9),
(1402, 'Vành Đai 2', 9),
(1403, 'Vành Đai 3', 9),
(1404, 'Vành Đai Đông', 9),
(1405, 'Vành Đai Trong', 9),
(1406, 'Võ Quảng', 9),
(1407, 'Võ Văn Hát', 9),
(1408, 'Xa La', 9),
(1409, 'Xa Lộ Hà Nội', 9),
(1410, '3/2', 10),
(1411, 'An Phú Đông 27', 10),
(1412, 'Âu Dương Lân', 10),
(1413, 'Ba Đình', 10),
(1414, 'Bà Hạt', 10),
(1415, 'Ba Vì', 10),
(1416, 'Bắc Hải', 10),
(1417, 'Bạch Mã', 10),
(1418, 'Bàn Cờ', 10),
(1419, 'Bến Bình Đông', 10),
(1420, 'Bến Nguyễn Duy', 10),
(1421, 'Bình Thới', 10),
(1422, 'Bùi Huy Bích', 10),
(1423, 'Bửu Long', 10),
(1424, 'Cách Mạng Tháng Tám', 10),
(1425, 'Cao Lỗ', 10),
(1426, 'Cao Thắng', 10),
(1427, 'Chấn Hưng', 10),
(1428, 'Châu Thới', 10),
(1429, 'Cư Xá Bắc Hải', 10),
(1430, 'Cư Xá Đồng Tiến', 10),
(1431, 'Cư Xá Nguyễn Trung Trực', 10),
(1432, 'Cửu Long', 10),
(1433, 'Dạ Nam', 10),
(1434, 'Đặng Chất', 10),
(1435, 'Đào Duy Anh', 10),
(1436, 'Đào Duy Từ', 10),
(1437, 'Đất Thánh', 10),
(1438, 'Điện Biên Phủ', 10),
(1439, 'Đinh Hòa', 10),
(1440, 'Đông Hồ', 10),
(1441, 'Đông Hưng Thuận 6', 10),
(1442, 'Đồng Nai', 10),
(1443, 'Đồng Tiến', 10),
(1444, 'Đường 47', 10),
(1445, 'Gia Phú', 10),
(1446, 'Hậu Lân', 10),
(1447, 'Hiệp Thành 13', 10),
(1448, 'Hồ Bá Kiện', 10),
(1449, 'Hồ Thị Kỷ', 10),
(1450, 'Hòa Hảo', 10),
(1451, 'Hòa Hưng', 10),
(1452, 'Hoàng Dư Khương', 10),
(1453, 'Hồng Bàng', 10),
(1454, 'Hồng Lĩnh', 10),
(1455, 'Hưng Long', 10),
(1456, 'Hưng Phú', 10),
(1457, 'Hùng Vương', 10),
(1458, 'Hương Giang', 10),
(1459, 'Huỳnh Thị Phụng', 10),
(1460, 'Lạc Long Quân', 10),
(1461, 'Lê Đại Hành', 10),
(1462, 'Lê Hồng Phong', 10),
(1463, 'Lê Quang Kim', 10),
(1464, 'Lê Thị Riêng', 10),
(1465, 'Lộc Hòa', 10),
(1466, 'Lương Ngọc Quyến', 10),
(1467, 'Lưu Quý Kỳ', 10),
(1468, 'Lý Ông Trọng', 10),
(1469, 'Lý Thái Tổ', 10),
(1470, 'Lý Thường Kiệt', 10),
(1471, 'Mạc Vân', 10),
(1472, 'Mương Khai', 10),
(1473, 'Ngô Gia Tự', 10),
(1474, 'Ngô Quyền', 10),
(1475, 'Nguyễn Chế Nghĩa', 10),
(1476, 'Nguyễn Chí Thanh', 10),
(1477, 'Nguyễn Duy Dương', 10),
(1478, 'Nguyễn Giản Thanh', 10),
(1479, 'Nguyễn Huy Chương', 10),
(1480, 'Nguyễn Khanh', 10),
(1481, 'Nguyễn Khuyến', 10),
(1482, 'Nguyễn Kim', 10),
(1483, 'Nguyễn Lâm', 10),
(1484, 'Nguyễn Ngọc Lộc', 10),
(1485, 'Nguyễn Thị Tần', 10),
(1486, 'Nguyễn Thiện Thuật', 10),
(1487, 'Nguyễn Thượng Hiền', 10),
(1488, 'Nguyễn Tiểu La', 10),
(1489, 'Nguyễn Trãi', 10),
(1490, 'Nguyễn Tri Phương', 10),
(1491, 'Nguyễn Trung Trực', 10),
(1492, 'Nguyễn Văn Của', 10),
(1493, 'Nhật Tảo', 10),
(1494, 'Phạm Hùng', 10),
(1495, 'Phạm Thế Hiển', 10),
(1496, 'Rạch Ông', 10),
(1497, 'Sư Vạn Hạnh', 10),
(1498, 'Tạ Quang Bửu', 10),
(1499, 'Tam Đảo', 10),
(1500, 'Tân Chánh Hiệp 16', 10),
(1501, 'Tản Đà', 10),
(1502, 'Tân Phước', 10),
(1503, 'Tân Thới Hiệp 10', 10),
(1504, 'Thái Phiên', 10),
(1505, 'Thạnh Lộc 27', 10),
(1506, 'Thành Thái', 10),
(1507, 'Thạnh Xuân 21', 10),
(1508, 'Thất Sơn', 10),
(1509, 'Thiên Hộ Dương', 10),
(1510, 'Tô Hiến Thành', 10),
(1511, 'Trại Gà', 10),
(1512, 'Trần Bình Trọng', 10),
(1513, 'Trần Minh Quyền', 10),
(1514, 'Trần Nguyên Hãn', 10),
(1515, 'Trần Nhân Tôn', 10),
(1516, 'Trần Thiện Chánh', 10),
(1517, 'Trần Văn Hoàng', 10),
(1518, 'Trích Sài', 10),
(1519, 'Trường Sơn', 10),
(1520, 'Tuy Lý Vương', 10),
(1521, 'Vĩnh Nam', 10),
(1522, 'Vĩnh Viễn', 10),
(1523, 'Võ Trứ', 10),
(1524, 'Xóm Củi', 10),
(1525, 'Đường 1', 11),
(1526, '1 Cư xá Lữ Gia', 11),
(1527, 'Đường 100', 11),
(1528, 'Đường 12', 11),
(1529, 'Đường 16', 11),
(1530, 'Đường 2', 11),
(1531, '2 Cư Xá Lữ Gia', 11),
(1532, 'Đường 3', 11),
(1533, '3 Cư xá Lữ Gia', 11),
(1534, '3/2', 11),
(1535, 'Đường 34', 11),
(1536, 'Đường 4', 11),
(1537, 'Đường 5', 11),
(1538, '5A', 11),
(1539, 'Đường 6', 11),
(1540, 'Đường 7', 11),
(1541, '7A', 11),
(1542, 'Đường 8', 11),
(1543, 'Đường 9', 11),
(1544, 'Âu Cơ', 11),
(1545, 'Bình Thới', 11),
(1546, 'Công Chúa Ngọc Hân', 11),
(1547, 'Cư Xá Lữ Gia', 11),
(1548, 'Cư Xá Phú Bình', 11),
(1549, 'Đặng Minh Khiêm', 11),
(1550, 'Đào Nguyên Phổ', 11),
(1551, 'Đỗ Ngọc Thạnh', 11),
(1552, 'Đội Cung', 11),
(1553, 'Dương Đình Nghệ', 11),
(1554, 'Dương Tử Giang', 11),
(1555, 'Hà Tôn Quyền', 11),
(1556, 'Hàn Hải Nguyên', 11),
(1557, 'Hòa Bình', 11),
(1558, 'Hòa Hảo', 11),
(1559, 'Hoàng Đức Tương', 11),
(1560, 'Hồng Bàng', 11),
(1561, 'Huyện Toại', 11),
(1562, 'Kênh Tân Hóa', 11),
(1563, 'Khuông Việt', 11),
(1564, 'Lạc Long Quân', 11),
(1565, 'Lãnh Binh Thăng', 11),
(1566, 'Lê Đại Hành', 11),
(1567, 'Lê Thị Bạch Cát', 11),
(1568, 'Lê Tung', 11),
(1569, 'Lò Siêu', 11),
(1570, 'Lữ Gia', 11),
(1571, 'Lý Nam Đế', 11),
(1572, 'Lý Thường Kiệt', 11),
(1573, 'Minh Phụng', 11),
(1574, 'Nguyễn Bá Học', 11),
(1575, 'Nguyễn Chí Thanh', 11),
(1576, 'Nguyễn Thị Nhỏ', 11),
(1577, 'Nguyễn Văn Phú', 11),
(1578, 'Nhật Tảo', 11),
(1579, 'Ông Bích Khiêm', 11),
(1580, 'Ông Ích Khiêm', 11),
(1581, 'Phan Xích Long', 11),
(1582, 'Phó Cơ Điều', 11),
(1583, 'Phú Thọ', 11),
(1584, 'Quân Sự', 11),
(1585, 'Tạ Uyên', 11),
(1586, 'Tân Hóa', 11),
(1587, 'Tân Khai', 11),
(1588, 'Tân Phước', 11),
(1589, 'Tân Thành', 11),
(1590, 'Tân Thới Hiệp 07', 11),
(1591, 'Thái Phiên', 11),
(1592, 'Thiên Phước', 11),
(1593, 'Thới An 11', 11),
(1594, 'Thuận Kiều', 11),
(1595, 'Thuận Việt', 11),
(1596, 'Tô Hiệu', 11),
(1597, 'Tôn Thất Hiệp', 11),
(1598, 'Tổng Lung', 11),
(1599, 'Tống Văn Trân', 11),
(1600, 'Trần Quý', 11),
(1601, 'Trịnh Đình Thảo', 11),
(1602, 'Trịnh Đình Trọng', 11),
(1603, 'Tuệ Tĩnh', 11),
(1604, 'Vĩnh Viễn', 11),
(1605, 'Xa Lộ Đại Hàn', 11),
(1606, 'Xóm Đất', 11),
(1607, 'Xuyên Á', 11),
(1608, 'Đường 10', 12),
(1609, 'Đường 12', 12),
(1610, 'Đường 13', 12),
(1611, 'Đường 14', 12),
(1612, 'Đường 15', 12),
(1613, 'Đường 17', 12),
(1614, 'Đường 21', 12),
(1615, 'Đường 22', 12),
(1616, '25B', 12),
(1617, 'Đường 28', 12),
(1618, 'Đường 32', 12),
(1619, 'Đường 33', 12),
(1620, 'Phố 36', 12),
(1621, 'Đường 39', 12),
(1622, 'Phố 45', 12),
(1623, 'Đường 47', 12),
(1624, 'Đường 48', 12),
(1625, 'Đường 5', 12),
(1626, 'Đường 50', 12),
(1627, 'Đường 51', 12),
(1628, 'Đường 66', 12),
(1629, 'Đường 7', 12),
(1630, 'Đường 8', 12),
(1631, 'Đường 9', 12),
(1632, '9A', 12),
(1633, 'An Lộc', 12),
(1634, 'An Phú Đông', 12),
(1635, 'An Phú Đông 1', 12),
(1636, 'An Phú Đông 10', 12),
(1637, 'An Phú Đông 12', 12),
(1638, 'An Phú Đông 13', 12),
(1639, 'An Phú Đông 17', 12),
(1640, 'An Phú Đông 22', 12),
(1641, 'An Phú Đông 25', 12),
(1642, 'An Phú Đông 27', 12),
(1643, 'An Phú Đông 3', 12),
(1644, 'An Phú Đông 31', 12),
(1645, 'An Phú Đông 9', 12),
(1646, 'Bà Triệu', 12),
(1647, 'Bùi Công Trừng', 12),
(1648, 'Bùi Văn Ngữ', 12),
(1649, 'C1', 12),
(1650, 'C3', 12),
(1651, 'Cây Sao', 12),
(1652, 'Chiến Khu', 12),
(1653, 'Cù Lao Thượng', 12),
(1654, 'D1', 12),
(1655, 'D15', 12),
(1656, 'D6', 12),
(1657, 'DD10', 12),
(1658, 'DD11', 12),
(1659, 'DD12', 12),
(1660, 'DD2', 12),
(1661, 'DD4', 12),
(1662, 'DD4-1', 12),
(1663, 'DD4-2', 12),
(1664, 'DD5', 12),
(1665, 'DD6', 12),
(1666, 'DD6-1', 12),
(1667, 'DD7', 12),
(1668, 'DD7-1', 12),
(1669, 'DD9', 12),
(1670, 'Đình Giao Khẩu', 12),
(1671, 'DN10', 12),
(1672, 'DN11', 12),
(1673, 'DN12', 12),
(1674, 'DN13', 12),
(1675, 'DN4', 12),
(1676, 'DN5', 12),
(1677, 'DN6', 12),
(1678, 'DN7', 12),
(1679, 'DN8', 12),
(1680, 'DN9', 12),
(1681, 'Đỗ Quyên', 12),
(1682, 'Đông Bắc', 12),
(1683, 'Đông Hưng Thuận', 12),
(1684, 'Đông Hưng Thuận 10', 12),
(1685, 'Đông Hưng Thuận 11', 12),
(1686, 'Đông Hưng Thuận 12', 12),
(1687, 'Đông Hưng Thuận 13', 12),
(1688, 'Đông Hưng Thuận 14B', 12),
(1689, 'Đông Hưng Thuận 15', 12),
(1690, 'Đông Hưng Thuận 16', 12),
(1691, 'Đông Hưng Thuận 17', 12),
(1692, 'Đông Hưng Thuận 19', 12),
(1693, 'Đông Hưng Thuận 2', 12),
(1694, 'Đông Hưng Thuận 21', 12),
(1695, 'Đông Hưng Thuận 22', 12),
(1696, 'Đông Hưng Thuận 23', 12),
(1697, 'Đông Hưng Thuận 27', 12),
(1698, 'Đông Hưng Thuận 29', 12),
(1699, 'Đông Hưng Thuận 3', 12),
(1700, 'Đông Hưng Thuận 30', 12),
(1701, 'Đông Hưng Thuận 31', 12),
(1702, 'Đông Hưng Thuận 33', 12),
(1703, 'Đông Hưng Thuận 39', 12),
(1704, 'Đông Hưng Thuận 40', 12),
(1705, 'Đông Hưng Thuận 41', 12),
(1706, 'Đông Hưng Thuận 42', 12),
(1707, 'Đông Hưng Thuận 45', 12),
(1708, 'Đông Hưng Thuận 5', 12),
(1709, 'Đông Hưng Thuận 6', 12),
(1710, 'Đông Hưng Thuận 8', 12),
(1711, 'Đông Hưng Thuận 9', 12),
(1712, 'Dòng Sông Xanh', 12),
(1713, 'Đồng Tâm', 12),
(1714, 'ĐT 741', 12),
(1715, 'ĐT 747', 12),
(1716, 'DTC 2', 12),
(1717, 'Dương Thị Giang', 12),
(1718, 'Dương Thị Mười', 12),
(1719, 'Giang Cự Vọng', 12),
(1720, 'Gò Sao', 12),
(1721, 'Hà Chương', 12),
(1722, 'Hà Đặc', 12),
(1723, 'Hà Huy Giáp', 12),
(1724, 'Hà Huy Tập', 12),
(1725, 'Hà Thị Khéo', 12),
(1726, 'Hà Thị Khiêm', 12),
(1727, 'Hàn Giang', 12),
(1728, 'Hậu Lân', 12),
(1729, 'Hiệp Thành', 12),
(1730, 'Hiệp Thành 1', 12),
(1731, 'Hiệp Thành 11', 12),
(1732, 'Hiệp Thành 12', 12),
(1733, 'Hiệp Thành 13', 12),
(1734, 'Hiệp Thành 16', 12),
(1735, 'Hiệp Thành 17', 12),
(1736, 'Hiệp Thành 18', 12),
(1737, 'Hiệp Thành 19', 12),
(1738, 'Hiệp Thành 2', 12),
(1739, 'Hiệp Thành 22', 12),
(1740, 'Hiệp Thành 23', 12),
(1741, 'Hiệp Thành 25', 12),
(1742, 'Hiệp Thành 26', 12),
(1743, 'Hiệp Thành 27', 12),
(1744, 'Hiệp Thành 31', 12),
(1745, 'Hiệp Thành 33', 12),
(1746, 'Hiệp Thành 35', 12),
(1747, 'Hiệp Thành 37', 12),
(1748, 'Hiệp Thành 39', 12),
(1749, 'Hiệp Thành 42', 12),
(1750, 'Hiệp Thành 43', 12),
(1751, 'Hiệp Thành 44', 12),
(1752, 'Hiệp Thành 45', 12),
(1753, 'Hiệp Thành 48', 12),
(1754, 'Hiệp Thành 49', 12),
(1755, 'Hiệp Thành 5', 12),
(1756, 'Hiệp Thành 6', 12),
(1757, 'Hiệp Thành 7', 12),
(1758, 'Hồ Biểu Chánh', 12),
(1759, 'Hòa An 8', 12),
(1760, 'Họa Mi', 12),
(1761, 'Hoàng Tăng Bí', 12),
(1762, 'Hương Lộ', 12),
(1763, 'Hương lộ  80', 12),
(1764, 'Hương lộ 17A', 12),
(1765, 'Hương Lộ 80B', 12),
(1766, 'Hương lộ 84B', 12),
(1767, 'Huỳnh Thị Hai', 12),
(1768, 'Khởi Nghĩa Bắc Sơn', 12),
(1769, 'Lâm Thị Hố', 12),
(1770, 'Lê Đức Thọ', 12),
(1771, 'Lê Thị Riêng', 12),
(1772, 'Lê Văn Khương', 12),
(1773, 'Lộc Hòa', 12),
(1774, 'Lý Ông Trọng', 12),
(1775, 'Mương Khai', 12),
(1776, 'Nguyễn An Ninh', 12),
(1777, 'Nguyễn Ảnh Thủ', 12),
(1778, 'Nguyễn Hữu Cầu', 12),
(1779, 'Nguyễn Huy Chương', 12),
(1780, 'Nguyễn Khanh', 12),
(1781, 'Nguyễn Thành Vĩnh', 12),
(1782, 'Nguyễn Thị Búp', 12),
(1783, 'Nguyễn Thị Đặng', 12),
(1784, 'Nguyễn Thị Kiểu', 12),
(1785, 'Nguyễn Thị Sáu', 12),
(1786, 'Nguyễn Thị Thơi', 12),
(1787, 'Nguyễn Văn Quá', 12),
(1788, 'Núi Một', 12),
(1789, 'Phần Lăng 8', 12),
(1790, 'Phan Văn Hớn', 12),
(1791, 'Phú Trung', 12),
(1792, 'Quán Tre', 12),
(1793, 'Quang Trung', 12),
(1794, 'Quốc Lộ 13', 12),
(1795, 'Quốc lộ 1A', 12),
(1796, 'Quốc Lộ 22', 12),
(1797, 'Quốc lộ 80', 12),
(1798, 'Rạch Ông Học', 12),
(1799, 'Sơn Ca', 12),
(1800, 'Sơn Ca 8', 12),
(1801, 'Sơn Cang', 12),
(1802, 'Sơn Hưng', 12),
(1803, 'Song Hành', 12),
(1804, 'T15', 12),
(1805, 'Tân Chánh Hiệp', 12),
(1806, 'Tân Chánh Hiệp 10', 12),
(1807, 'Tân Chánh Hiệp 12', 12),
(1808, 'Tân Chánh Hiệp 13', 12),
(1809, 'Tân Chánh Hiệp 15', 12),
(1810, 'Tân Chánh Hiệp 16', 12),
(1811, 'Tân Chánh Hiệp 17', 12),
(1812, 'Tân Chánh Hiệp 18', 12),
(1813, 'Tân Chánh Hiệp 2', 12),
(1814, 'Tân Chánh Hiệp 21', 12),
(1815, 'Tân Chánh Hiệp 24', 12),
(1816, 'Tân Chánh Hiệp 25', 12),
(1817, 'Tân Chánh Hiệp 26', 12),
(1818, 'Tân Chánh Hiệp 3', 12),
(1819, 'Tân Chánh Hiệp 33', 12),
(1820, 'Tân Chánh Hiệp 34', 12),
(1821, 'Tân Chánh Hiệp 35', 12),
(1822, 'Tân Chánh Hiệp 36', 12),
(1823, 'Tân Chánh Hiệp 4', 12),
(1824, 'Tân Chánh Hiệp 5', 12),
(1825, 'Tân Chánh Hiệp 7', 12),
(1826, 'Tân Chánh Hiệp 8', 12),
(1827, 'Tân Hưng Thuận 10', 12),
(1828, 'Tân Hưng Thuận 2', 12),
(1829, 'Tân Thới Hiệp', 12),
(1830, 'Tân Thới Hiệp 1', 12),
(1831, 'Tân Thới Hiệp 10', 12),
(1832, 'Tân Thới Hiệp 13', 12),
(1833, 'Tân Thới Hiệp 14', 12),
(1834, 'Tân Thới Hiệp 15', 12),
(1835, 'Tân Thới Hiệp 16', 12),
(1836, 'Tân Thới Hiệp 19', 12),
(1837, 'Tân Thới Hiệp 2', 12),
(1838, 'Tân Thới Hiệp 20', 12),
(1839, 'Tân Thới Hiệp 21', 12),
(1840, 'Tân Thới Hiệp 22', 12),
(1841, 'Tân Thới Hiệp 27', 12),
(1842, 'Tân Thới Hiệp 29', 12),
(1843, 'Tân Thới Hiệp 37', 12),
(1844, 'Tân Thới Hiệp 5', 12),
(1845, 'Tân Thới Hiệp 6', 12),
(1846, 'Tân Thới Hiệp 7', 12),
(1847, 'Tân Thới Hiệp 8', 12),
(1848, 'Tân Thới Hiệp 9', 12),
(1849, 'Tân Thới Nhất', 12),
(1850, 'Tân Thới Nhất 05', 12),
(1851, 'Tân Thới Nhất 1', 12),
(1852, 'Tân Thới Nhất 12', 12),
(1853, 'Tân Thới Nhất 13', 12),
(1854, 'Tân Thới Nhất 15', 12),
(1855, 'Tân Thới Nhất 17', 12),
(1856, 'Tân Thới Nhất 18', 12),
(1857, 'Tân Thới Nhất 2', 12),
(1858, 'Tân Thới Nhất 20', 12),
(1859, 'Tân Thới Nhất 21', 12),
(1860, 'Tân Thới Nhất 22', 12),
(1861, 'Tân Thới Nhất 3', 12),
(1862, 'Tân Thới Nhất 4', 12),
(1863, 'Tân Thới Nhất 5', 12),
(1864, 'Tân Thới Nhất 6', 12),
(1865, 'Tân Thới Nhất 7', 12),
(1866, 'Tân Thới Nhất 8', 12),
(1867, 'Tân Thới Nhất 9', 12),
(1868, 'Thạch Xuân', 12),
(1869, 'Thạnh Lộc', 12),
(1870, 'Thạnh Lộc 12', 12),
(1871, 'Thạnh Lộc 13', 12),
(1872, 'Thạnh Lộc 14', 12),
(1873, 'Thạnh Lộc 15', 12),
(1874, 'Thạnh Lộc 16', 12),
(1875, 'Thạnh Lộc 17', 12),
(1876, 'Thạnh Lộc 18', 12),
(1877, 'Thạnh Lộc 19', 12),
(1878, 'Thạnh Lộc 22', 12),
(1879, 'Thạnh Lộc 25', 12),
(1880, 'Thạnh Lộc 26', 12),
(1881, 'Thạnh Lộc 27', 12),
(1882, 'Thạnh Lộc 28', 12),
(1883, 'Thạnh Lộc 29', 12),
(1884, 'Thạnh Lộc 3', 12),
(1885, 'Thạnh Lộc 30', 12),
(1886, 'Thạnh Lộc 31', 12),
(1887, 'Thạnh Lộc 33', 12),
(1888, 'Thạnh Lộc 37', 12),
(1889, 'Thạnh Lộc 38', 12),
(1890, 'Thạnh Lộc 39', 12),
(1891, 'Thạnh Lộc 4', 12),
(1892, 'Thạnh Lộc 40', 12),
(1893, 'Thạnh Lộc 41', 12),
(1894, 'Thạnh Lộc 43', 12),
(1895, 'Thạnh Lộc 44', 12),
(1896, 'Thạnh Lộc 47', 12),
(1897, 'Thạnh Lộc 48', 12),
(1898, 'Thạnh Lộc 49', 12),
(1899, 'Thạnh Lộc 50', 12),
(1900, 'Thạnh Lộc 51', 12),
(1901, 'Thạnh Lộc 53', 12),
(1902, 'Thạnh Lộc 56', 12),
(1903, 'Thạnh Lộc 8', 12),
(1904, 'Thanh Xuân', 12),
(1905, 'Thạnh Xuân', 12),
(1906, 'Thạnh Xuân 13', 12),
(1907, 'Thạnh Xuân 14', 12),
(1908, 'Thạnh Xuân 18', 12),
(1909, 'Thạnh Xuân 21', 12),
(1910, 'Thạnh Xuân 22', 12),
(1911, 'Thạnh Xuân 23', 12),
(1912, 'Thạnh Xuân 24', 12),
(1913, 'Thạnh Xuân 25', 12),
(1914, 'Thạnh Xuân 26', 12),
(1915, 'Thạnh Xuân 29', 12),
(1916, 'Thạnh Xuân 31', 12),
(1917, 'Thạnh Xuân 33', 12),
(1918, 'Thạnh Xuân 38', 12),
(1919, 'Thạnh Xuân 39', 12),
(1920, 'Thạnh Xuân 40', 12),
(1921, 'Thạnh Xuân 42', 12),
(1922, 'Thạnh Xuân 43', 12),
(1923, 'Thạnh Xuân 47', 12),
(1924, 'Thạnh Xuân 48', 12),
(1925, 'Thạnh Xuân 52', 12),
(1926, 'Thạnh Xuân 64', 12),
(1927, 'Thích Bửu Đăng', 12),
(1928, 'Thới An', 12),
(1929, 'Thới An 06', 12),
(1930, 'Thới An 07', 12),
(1931, 'Thới An 09', 12),
(1932, 'Thới An 10', 12),
(1933, 'Thới An 11', 12),
(1934, 'Thới An 12', 12),
(1935, 'Thới An 13', 12),
(1936, 'Thới An 15', 12),
(1937, 'Thới An 16', 12),
(1938, 'Thới An 18', 12),
(1939, 'Thới An 19', 12),
(1940, 'Thới An 20', 12),
(1941, 'Thới An 21', 12),
(1942, 'Thới An 22', 12),
(1943, 'Thới An 24', 12),
(1944, 'Thới An 28', 12),
(1945, 'Thới An 29', 12),
(1946, 'Thới An 3', 12),
(1947, 'Thới An 32', 12),
(1948, 'Thới An 35', 12),
(1949, 'Thới An 36', 12),
(1950, 'Thới An 4', 12),
(1951, 'Thới An 5', 12),
(1952, 'Thới An 8', 12),
(1953, 'Thới An 9', 12),
(1954, 'Thống Nhất', 12),
(1955, 'Tỉnh Lộ  43', 12),
(1956, 'Tỉnh lộ 15', 12),
(1957, 'Tỉnh lộ 16', 12),
(1958, 'Tỉnh Lộ 19', 12),
(1959, 'Tỉnh Lộ 21', 12),
(1960, 'Tỉnh Lộ 26', 12),
(1961, 'Tỉnh Lộ 29', 12),
(1962, 'Tỉnh Lộ 40', 12),
(1963, 'Tỉnh lộ 9', 12),
(1964, 'TN02', 12),
(1965, 'Tô Ký', 12),
(1966, 'Tô Ngọc Vân', 12),
(1967, 'Trại Gà', 12),
(1968, 'Trần Quang Cơ', 12),
(1969, 'Trần Quang Đạo', 12),
(1970, 'Trần Thị Có', 12),
(1971, 'Trần Thị Cờ', 12),
(1972, 'Trần Thị Do', 12),
(1973, 'Trần Thị Hè', 12),
(1974, 'Trần Thị Hòe', 12),
(1975, 'Trích Sài', 12),
(1976, 'Trung Chánh', 12),
(1977, 'Trung Mỹ Tây', 12),
(1978, 'Trung Mỹ Tây 03', 12),
(1979, 'Trung Mỹ Tây 1', 12),
(1980, 'Trung Mỹ Tây 12', 12),
(1981, 'Trung Mỹ Tây 13', 12),
(1982, 'Trung Mỹ Tây 17', 12),
(1983, 'Trung Mỹ Tây 18', 12),
(1984, 'Trung Mỹ Tây 2', 12),
(1985, 'Trung Mỹ Tây 2A', 12),
(1986, 'Trung Mỹ Tây 3', 12),
(1987, 'Trung Mỹ Tây 4', 12),
(1988, 'Trung Mỹ Tây 5', 12),
(1989, 'Trung Mỹ Tây 6A', 12),
(1990, 'Trung Mỹ Tây 9', 12),
(1991, 'Trung Mỹ Tây 9A', 12),
(1992, 'Trường Chinh', 12),
(1993, 'Trương Văn Đa', 12),
(1994, 'Võ Quảng', 12),
(1995, 'Võ Thị Phải', 12),
(1996, 'Võ Thị Thừa', 12),
(1997, 'Vườn Lài', 12),
(1998, 'Xa La', 12),
(1999, 'Xô Ngọc Oanh', 12),
(2000, 'Xuân Thới Sơn 12', 12),
(2001, 'Đường 1', 13),
(2002, 'Đường 10', 13),
(2003, '10A', 13),
(2004, 'Đường 11', 13),
(2005, '11A', 13),
(2006, 'Đường 12', 13),
(2007, 'Đường 13', 13),
(2008, '13A', 13),
(2009, '13B', 13),
(2010, 'Đường 14', 13),
(2011, '14A', 13),
(2012, '14B', 13),
(2013, 'Đường 15', 13),
(2014, 'Đường 16', 13),
(2015, '16A', 13),
(2016, '16B', 13),
(2017, 'Đường 17', 13),
(2018, 'Đường 173', 13),
(2019, '17A', 13),
(2020, '17B', 13),
(2021, '17C', 13),
(2022, 'Đường 18', 13),
(2023, '18A', 13),
(2024, '18B', 13),
(2025, '18D', 13),
(2026, '18E', 13),
(2027, 'Đường 19', 13),
(2028, '19/5', 13),
(2029, '19A', 13),
(2030, '19B', 13),
(2031, '19C', 13),
(2032, '19D', 13),
(2033, '19E', 13),
(2034, '1A', 13),
(2035, '1B', 13),
(2036, '1C', 13),
(2037, '1D', 13),
(2038, 'Đường 2', 13),
(2039, 'Đường 20', 13),
(2040, 'Đường 21', 13),
(2041, '21A', 13),
(2042, '21B', 13),
(2043, '21C', 13),
(2044, '21E', 13),
(2045, 'Đường 22', 13),
(2046, 'Đường 23', 13),
(2047, '23A', 13),
(2048, '23B', 13),
(2049, 'Phố 24', 13),
(2050, '24A', 13),
(2051, '24B', 13),
(2052, 'Đường 25', 13),
(2053, '25A', 13),
(2054, 'Đường 26', 13),
(2055, '26/3', 13),
(2056, 'Đường 27', 13),
(2057, '27/3', 13),
(2058, 'Đường 28', 13),
(2059, '28A', 13),
(2060, 'Đường 29', 13),
(2061, '2A', 13),
(2062, '2B', 13),
(2063, '2C', 13),
(2064, '2D', 13),
(2065, '2E', 13),
(2066, '2F', 13),
(2067, 'Đường 3', 13),
(2068, 'Đường 30', 13),
(2069, 'Đường 31', 13),
(2070, '31A', 13),
(2071, 'Đường 32', 13),
(2072, '32A', 13),
(2073, '32B', 13),
(2074, 'Đường 33', 13),
(2075, '33A', 13),
(2076, '33B', 13),
(2077, 'Đường 34', 13),
(2078, '34A', 13),
(2079, '34B', 13),
(2080, 'Phố 36', 13),
(2081, 'Đường 38', 13),
(2082, 'Đường 39', 13),
(2083, '3A', 13),
(2084, '3B', 13),
(2085, '3C', 13),
(2086, 'Đường 4', 13),
(2087, 'Đường 40', 13),
(2088, '40B', 13),
(2089, 'Đường 41', 13),
(2090, 'Đường 42', 13),
(2091, 'Đường 43', 13),
(2092, 'Đường 44', 13),
(2093, 'Đường 46', 13),
(2094, '46A', 13),
(2095, '46B', 13),
(2096, 'Đường 47', 13),
(2097, 'Đường 48', 13),
(2098, '48A', 13),
(2099, 'Phố 49', 13),
(2100, '49A', 13),
(2101, '49B', 13),
(2102, '4A', 13),
(2103, '4B', 13),
(2104, 'Đường 5', 13),
(2105, 'Đường 50', 13),
(2106, '50B', 13),
(2107, '50C', 13),
(2108, '50D', 13),
(2109, 'Đường 51', 13),
(2110, 'Phố 52', 13),
(2111, 'Đường 53', 13),
(2112, '53A', 13),
(2113, '53C', 13),
(2114, 'Đường 54', 13),
(2115, 'Đường 55', 13),
(2116, '55A', 13),
(2117, 'Đường 57', 13),
(2118, '57A', 13),
(2119, '5A', 13),
(2120, '5B', 13),
(2121, '5C', 13),
(2122, '5D', 13),
(2123, '5E', 13),
(2124, '5F', 13),
(2125, 'Đường 6', 13),
(2126, 'Đường 61', 13),
(2127, '6A', 13),
(2128, '6B', 13),
(2129, '6C', 13),
(2130, '6D', 13),
(2131, '6E', 13),
(2132, 'Đường 7', 13),
(2133, '7A', 13),
(2134, '7B', 13),
(2135, 'Đường 8', 13),
(2136, 'Đường 822', 13),
(2137, '8B', 13),
(2138, '8C', 13),
(2139, '8D', 13),
(2140, 'Đường 9', 13),
(2141, '9A', 13),
(2142, 'A3', 13),
(2143, 'A5', 13),
(2144, 'A8', 13),
(2145, 'A9', 13),
(2146, 'An Dương Vương', 13),
(2147, 'Ao Đôi', 13),
(2148, 'Ấp Chiến Lược', 13),
(2149, 'Âu Cơ', 13),
(2150, 'Bà Hom', 13),
(2151, 'Bến Lội', 13),
(2152, 'Bia Truyền Thống', 13),
(2153, 'Bình Hưng Hòa', 13),
(2154, 'Bình Hưng Hòa A', 13),
(2155, 'Bình Long', 13),
(2156, 'Bình Thành', 13),
(2157, 'Bình Trị Đông', 13),
(2158, 'Bờ Tuyến', 13),
(2159, 'Bùi Dương Lịch', 13),
(2160, 'Bùi Hữu Diện', 13),
(2161, 'Bùi Thị Xuân', 13),
(2162, 'Bùi Tư Toàn', 13),
(2163, 'C2', 13),
(2164, 'C3', 13),
(2165, 'Cầu Kinh', 13),
(2166, 'Cây Cám', 13),
(2167, 'Chiến Lược', 13),
(2168, 'CN11', 13),
(2169, 'Cống Lở', 13),
(2170, 'Cửu Long', 13),
(2171, 'D13', 13),
(2172, 'D3', 13),
(2173, 'D7', 13),
(2174, 'Đại Lộ Đông Tây', 13),
(2175, 'Đại Phú', 13),
(2176, 'Đất Mới', 13),
(2177, 'Đình Nghi Xuân', 13),
(2178, 'Đình Tân Khai', 13),
(2179, 'Đỗ Năng Tế', 13);
INSERT INTO `street` (`id`, `name`, `district_id`) VALUES
(2180, 'Đoàn Phú Tứ', 13),
(2181, 'Dương Bá Cung', 13),
(2182, 'Dương Tự Quán', 13),
(2183, 'G1', 13),
(2184, 'G10', 13),
(2185, 'G14', 13),
(2186, 'G3', 13),
(2187, 'G5', 13),
(2188, 'G7', 13),
(2189, 'G8', 13),
(2190, 'G9', 13),
(2191, 'Gia Phú', 13),
(2192, 'Gò Mây', 13),
(2193, 'Gò Xoài', 13),
(2194, 'Hồ Học Lãm', 13),
(2195, 'Hồ Văn Long', 13),
(2196, 'Hòa Bình', 13),
(2197, 'Hoàng Văn Hợp', 13),
(2198, 'Hương lộ  80', 13),
(2199, 'Hương lộ 17A', 13),
(2200, 'Hương lộ 2', 13),
(2201, 'Hương Lộ 3', 13),
(2202, 'Hương lộ 5', 13),
(2203, 'Huyện lộ 24B', 13),
(2204, 'Huyện lộ 48B', 13),
(2205, 'Huỳnh Văn Nghệ', 13),
(2206, 'Kênh C', 13),
(2207, 'Kênh Nước Đen', 13),
(2208, 'Khiếu Năng Tĩnh', 13),
(2209, 'Kinh Dương Vương', 13),
(2210, 'Lâm Hoành', 13),
(2211, 'Lê Cơ', 13),
(2212, 'Lê Công Phép', 13),
(2213, 'Lê Đình Cẩn', 13),
(2214, 'Lê Đình Dương', 13),
(2215, 'Lê Ngung', 13),
(2216, 'Lê Tấn Bê', 13),
(2217, 'Lê Trọng Tấn', 13),
(2218, 'Lê Văn Quới', 13),
(2219, 'Lê Văn Tám', 13),
(2220, 'Liên Khu 10', 13),
(2221, 'Liên khu 10-11', 13),
(2222, 'Liên khu 11', 13),
(2223, 'Liên Khu 1-6', 13),
(2224, 'Liên Khu 16-18', 13),
(2225, 'Liên Khu 2-10', 13),
(2226, 'Liên Khu 2-5', 13),
(2227, 'Liên Khu 2-6', 13),
(2228, 'Liên khu 4-5', 13),
(2229, 'Liên Khu 5 - 6', 13),
(2230, 'Liên Khu 5-11-12', 13),
(2231, 'Liên khu 8-9', 13),
(2232, 'Liên Khu 89', 13),
(2233, 'Lộ Tẻ', 13),
(2234, 'Lô Tư', 13),
(2235, 'Lũy Bán Bích', 13),
(2236, 'Lý Chiêu Hoàng', 13),
(2237, 'Lý Thánh Tông', 13),
(2238, 'M1', 13),
(2239, 'M10', 13),
(2240, 'M12', 13),
(2241, 'M3', 13),
(2242, 'M4', 13),
(2243, 'M5', 13),
(2244, 'M6', 13),
(2245, 'M8', 13),
(2246, 'Mã Lò', 13),
(2247, 'Miếu Bình Đông', 13),
(2248, 'Miếu Gò Đông', 13),
(2249, 'Miếu Gò Xoài', 13),
(2250, 'N1', 13),
(2251, 'N2', 13),
(2252, 'N3', 13),
(2253, 'Nguyễn Cửu Phú', 13),
(2254, 'Nguyễn Hiến Lê', 13),
(2255, 'Nguyễn Hới', 13),
(2256, 'Nguyễn Hữu Trí', 13),
(2257, 'Nguyễn Quý Yêm', 13),
(2258, 'Nguyễn Quyền', 13),
(2259, 'Nguyễn Thị Nhạn', 13),
(2260, 'Nguyễn Thị Tú', 13),
(2261, 'Nguyễn Thức Đường', 13),
(2262, 'Nguyễn Thức Tự', 13),
(2263, 'Nguyễn Triệu Luật', 13),
(2264, 'Nguyễn Triệu Lực', 13),
(2265, 'Nguyễn Trọng Trí', 13),
(2266, 'Nguyễn Văn Cừ', 13),
(2267, 'Nguyễn Văn Cự', 13),
(2268, 'Phạm Bành', 13),
(2269, 'Phạm Đăng Giản', 13),
(2270, 'Phạm Đăng Giảng', 13),
(2271, 'Phạm Văn Hai', 13),
(2272, 'Phan Anh', 13),
(2273, 'Phan Cát Tựu', 13),
(2274, 'Phan Đăng Giảng', 13),
(2275, 'Phan Đình Thông', 13),
(2276, 'Phan Văn Trị', 13),
(2277, 'Phùng Tá Chu', 13),
(2278, 'Quốc lộ 1A', 13),
(2279, 'Quốc lộ 1C', 13),
(2280, 'Quốc lộ 2B', 13),
(2281, 'Quốc lộ 32', 13),
(2282, 'Quốc lộ 46', 13),
(2283, 'Quốc lộ 80', 13),
(2284, 'Quốc lộ 8A', 13),
(2285, 'Sinco', 13),
(2286, 'Sơn Kỳ', 13),
(2287, 'Sông Suối', 13),
(2288, 'Tạ Mỹ Duật', 13),
(2289, 'Tân Hòa Đông', 13),
(2290, 'Tân Kỳ Tân Quý', 13),
(2291, 'Tân Thọ', 13),
(2292, 'Tập Đoàn 6B', 13),
(2293, 'Tây Lân', 13),
(2294, 'Tên Lửa', 13),
(2295, 'Tỉnh Lộ 10', 13),
(2296, 'Tỉnh lộ 10B', 13),
(2297, 'Tỉnh lộ 7A', 13),
(2298, 'Tỉnh lộ 830', 13),
(2299, 'Trần Đại Nghĩa', 13),
(2300, 'Trần Hải Phụng', 13),
(2301, 'Trần Thanh Mại', 13),
(2302, 'Trần Thánh Tông', 13),
(2303, 'Trần Văn Giàu', 13),
(2304, 'Trương Phước Phan', 13),
(2305, 'Trương Quốc Phan', 13),
(2306, 'Vành Đai Trong', 13),
(2307, 'Vĩnh Lộc', 13),
(2308, 'Võ Văn Kiệt', 13),
(2309, 'Võ Văn Vân', 13),
(2310, 'Vũ Hữu', 13),
(2311, 'Vương Văn Huống', 13),
(2312, '30/4', 14),
(2313, 'An Thượng 6', 14),
(2314, 'Bạch Đằng', 14),
(2315, 'Bình Hòa', 14),
(2316, 'Bình Lãnh', 14),
(2317, 'Bình Lợi', 14),
(2318, 'Bình Quới', 14),
(2319, 'Bùi Đình Túy', 14),
(2320, 'Bùi Hữu Nghĩa', 14),
(2321, 'Cách Mạng Tháng Tám', 14),
(2322, 'Cầu Ván', 14),
(2323, 'Chu Văn An', 14),
(2324, 'Công Trường Tự Do', 14),
(2325, 'Cửu Long', 14),
(2326, 'D1', 14),
(2327, 'D2', 14),
(2328, 'D3', 14),
(2329, 'D5', 14),
(2330, 'Điện Biên Phủ', 14),
(2331, 'Diên Hồng', 14),
(2332, 'Đinh Bộ Lĩnh', 14),
(2333, 'Đình Đông', 14),
(2334, 'Đinh Tiên Hoàng', 14),
(2335, 'Đống Đa', 14),
(2336, 'Đống Đa 1', 14),
(2337, 'Đường 1', 14),
(2338, 'Đường 11', 14),
(2339, 'Đường 12', 14),
(2340, 'Đường 13', 14),
(2341, 'Đường 14', 14),
(2342, 'Đường 16', 14),
(2343, 'Đường 17', 14),
(2344, 'Đường 2', 14),
(2345, 'Đường 20', 14),
(2346, 'Đường 3', 14),
(2347, 'Đường 30', 14),
(2348, 'Đường 304', 14),
(2349, 'Đường 4', 14),
(2350, 'Đường 5', 14),
(2351, 'Đường 6', 14),
(2352, 'Đường 7', 14),
(2353, 'Đường 8', 14),
(2354, 'Đường 82', 14),
(2355, 'Dương Vũ Tùng', 14),
(2356, 'Hàng Xanh', 14),
(2357, 'Hồ Xuân Hương', 14),
(2358, 'Hoàng Hoa Thám', 14),
(2359, 'Hoàng Văn Thụ', 14),
(2360, 'Hồng Bàng', 14),
(2361, 'Huỳnh Đình Hai', 14),
(2362, 'Huỳnh Mẫn Đạt', 14),
(2363, 'Huỳnh Tịnh Của', 14),
(2364, 'Lam Sơn', 14),
(2365, 'Lê Quang Định', 14),
(2366, 'Lê Trực', 14),
(2367, 'Lê Văn Sỹ', 14),
(2368, 'Lương Ngọc Quyến', 14),
(2369, 'Lương Sử C', 14),
(2370, 'Mai Xuân Thưởng', 14),
(2371, 'Mê Linh', 14),
(2372, 'Miếu Nổi', 14),
(2373, 'Ngô Đức Kế', 14),
(2374, 'Ngô Nhơn Tịnh', 14),
(2375, 'Ngô Tất Tố', 14),
(2376, 'Nguyễn An Ninh', 14),
(2377, 'Nguyễn Bỉnh Khiêm', 14),
(2378, 'Nguyễn Công Hoan', 14),
(2379, 'Nguyễn Công Trứ', 14),
(2380, 'Nguyễn Cư Trinh', 14),
(2381, 'Nguyễn Cửu Vân', 14),
(2382, 'Nguyễn Duy', 14),
(2383, 'Nguyễn Hành', 14),
(2384, 'Nguyên Hồng', 14),
(2385, 'Nguyễn Hữu Cảnh', 14),
(2386, 'Nguyễn Hữu Cầu', 14),
(2387, 'Nguyễn Hữu Thoại', 14),
(2388, 'Nguyễn Huy Lượng', 14),
(2389, 'Nguyễn Huy Tưởng', 14),
(2390, 'Nguyễn Khuyến', 14),
(2391, 'Nguyễn Lâm', 14),
(2392, 'Nguyễn Ngọc Phương', 14),
(2393, 'Nguyễn Thái Học', 14),
(2394, 'Nguyễn Thị Minh Khai', 14),
(2395, 'Nguyễn Thiện Thuật', 14),
(2396, 'Nguyễn Thượng Hiền', 14),
(2397, 'Nguyễn Trung Trực', 14),
(2398, 'Nguyễn Văn Đậu', 14),
(2399, 'Nguyễn Văn Lạc', 14),
(2400, 'Nguyễn Xí', 14),
(2401, 'Nguyễn Xuân Ôn', 14),
(2402, 'Nơ Trang Long', 14),
(2403, 'Phạm Ngũ Lão', 14),
(2404, 'Phạm Văn Đồng', 14),
(2405, 'Phạm Viết Chánh', 14),
(2406, 'Phan Anh', 14),
(2407, 'Phan Bội Châu', 14),
(2408, 'Phan Chu Trinh', 14),
(2409, 'Phan Đăng Lưu', 14),
(2410, 'Phan Huy Ôn', 14),
(2411, 'Phan Văn Hân', 14),
(2412, 'Phan Văn Trị', 14),
(2413, 'Phan Xích Long', 14),
(2414, 'Phó Đức Chính', 14),
(2415, 'Phú Mỹ', 14),
(2416, 'Quách Văn Tuấn', 14),
(2417, 'Quốc Lộ 13', 14),
(2418, 'Tầm Vu', 14),
(2419, 'Tăng Bạt Hổ', 14),
(2420, 'Thanh Đa', 14),
(2421, 'Thích Quảng Đức', 14),
(2422, 'Tiền Đức', 14),
(2423, 'Trần Bình Trọng', 14),
(2424, 'Trần Hưng Đạo', 14),
(2425, 'Trần Kế Xương', 14),
(2426, 'Trần Quang Định', 14),
(2427, 'Trần Quý Cáp', 14),
(2428, 'Trần Văn Kỷ', 14),
(2429, 'Trịnh Hoài Đức', 14),
(2430, 'Trục', 14),
(2431, 'Trục 13', 14),
(2432, 'Trục 20', 14),
(2433, 'Trục 30', 14),
(2434, 'Trương Đăng Quế', 14),
(2435, 'Trường Sa', 14),
(2436, 'Ung Văn Khiêm', 14),
(2437, 'Vạn Kiếp', 14),
(2438, 'Võ Duy Ninh', 14),
(2439, 'Võ Trường Toản', 14),
(2440, 'Vũ Huy Tấn', 14),
(2441, 'Vũ Ngọc Phan', 14),
(2442, 'Vũ Tùng', 14),
(2443, 'Xô Viết Nghệ Tĩnh', 14),
(2444, 'Xuân Hồng', 14),
(2445, 'Yên Đỗ', 14),
(2446, 'An Hội', 15),
(2447, 'An Lộc', 15),
(2448, 'An Nhơn', 15),
(2449, 'An Phú Đông 27', 15),
(2450, 'B2', 15),
(2451, 'B4', 15),
(2452, 'Bạch Đằng', 15),
(2453, 'Bùi Quang Là', 15),
(2454, 'Cây Thị', 15),
(2455, 'Cây Trâm', 15),
(2456, 'D4', 15),
(2457, 'Đỗ Phúc Thịnh', 15),
(2458, 'Đỗ Phúc Tịnh', 15),
(2459, 'Đỗ Thúc Tịnh', 15),
(2460, 'Đông Hưng Thuận 6', 15),
(2461, 'Đường 1', 15),
(2462, 'Đường 10', 15),
(2463, 'Đường 11', 15),
(2464, 'Đường 111', 15),
(2465, 'Đường 12', 15),
(2466, 'Đường 13', 15),
(2467, 'Đường 14', 15),
(2468, 'Đường 15', 15),
(2469, 'Đường 16', 15),
(2470, 'Đường 17', 15),
(2471, 'Đường 18', 15),
(2472, 'Đường 19', 15),
(2473, 'Đường 2', 15),
(2474, 'Đường 20', 15),
(2475, 'Đường 21', 15),
(2476, 'Đường 22', 15),
(2477, 'Đường 23', 15),
(2478, 'Đường 25', 15),
(2479, 'Đường 26', 15),
(2480, 'Đường 27', 15),
(2481, 'Đường 28', 15),
(2482, 'Đường 29', 15),
(2483, 'Đường 3', 15),
(2484, 'Đường 30', 15),
(2485, 'Đường 31', 15),
(2486, 'Đường 33', 15),
(2487, 'Đường 35', 15),
(2488, 'Đường 4', 15),
(2489, 'Đường 40', 15),
(2490, 'Đường 41', 15),
(2491, 'Đường 43', 15),
(2492, 'Đường 44', 15),
(2493, 'Đường 46', 15),
(2494, 'Đường 47', 15),
(2495, 'Đường 48', 15),
(2496, 'Đường 5', 15),
(2497, 'Đường 50', 15),
(2498, 'Đường 51', 15),
(2499, 'Đường 53', 15),
(2500, 'Đường 55', 15),
(2501, 'Đường 57', 15),
(2502, 'Đường 6', 15),
(2503, 'Đường 60', 15),
(2504, 'Đường 61', 15),
(2505, 'Đường 66', 15),
(2506, 'Đường 7', 15),
(2507, 'Đường 8', 15),
(2508, 'Đường 9', 15),
(2509, 'Dương Quảng Hàm', 15),
(2510, 'Hàn Giang', 15),
(2511, 'Hạnh Thông', 15),
(2512, 'Hạnh Thông Tây', 15),
(2513, 'Hậu Lân', 15),
(2514, 'Hiệp Thành 13', 15),
(2515, 'Hoàng Hoa Thám', 15),
(2516, 'Hoàng Minh Giám', 15),
(2517, 'Huỳnh Khương An', 15),
(2518, 'Huỳnh Văn Nghệ', 15),
(2519, 'Lam Sơn', 15),
(2520, 'Lê Đức Thọ', 15),
(2521, 'Lê Hoàng Phái', 15),
(2522, 'Lê Lai', 15),
(2523, 'Lê Lợi', 15),
(2524, 'Lê Quang Định', 15),
(2525, 'Lê Thị Hồng', 15),
(2526, 'Lê Văn Đậu', 15),
(2527, 'Lê Văn Thọ', 15),
(2528, 'Lê Văn Trị', 15),
(2529, 'Lộc Hòa', 15),
(2530, 'Lương Ngọc Quyến', 15),
(2531, 'Lý Ông Trọng', 15),
(2532, 'Lý Thường Kiệt', 15),
(2533, 'Mương Khai', 15),
(2534, 'Ngô Tất Tố', 15),
(2535, 'Nguyễn Bá Tuân', 15),
(2536, 'Nguyễn Bỉnh Khiêm', 15),
(2537, 'Nguyễn Du', 15),
(2538, 'Nguyễn Duy Cung', 15),
(2539, 'Nguyên Hồng', 15),
(2540, 'Nguyễn Huy Chương', 15),
(2541, 'Nguyễn Huy Điển', 15),
(2542, 'Nguyễn Huy Thông', 15),
(2543, 'Nguyễn Khanh', 15),
(2544, 'Nguyễn Khuyến', 15),
(2545, 'Nguyễn Kiệm', 15),
(2546, 'Nguyễn Oanh', 15),
(2547, 'Nguyễn Thái Sơn', 15),
(2548, 'Nguyễn Thị Hồng', 15),
(2549, 'Nguyễn Thượng Hiền', 15),
(2550, 'Nguyễn Tư Giản', 15),
(2551, 'Nguyễn Tuân', 15),
(2552, 'Nguyễn Văn Bảo', 15),
(2553, 'Nguyễn Văn Công', 15),
(2554, 'Nguyễn Văn Dung', 15),
(2555, 'Nguyễn Văn Đừng', 15),
(2556, 'Nguyễn Văn Luông', 15),
(2557, 'Nguyễn Văn Lượng', 15),
(2558, 'Nguyễn Văn Nghi', 15),
(2559, 'Núi Một', 15),
(2560, 'Phạm Huy Thông', 15),
(2561, 'Phạm Ngũ Lão', 15),
(2562, 'Phạm Phú Thứ', 15),
(2563, 'Phạm Văn Bạch', 15),
(2564, 'Phạm Văn Chiêu', 15),
(2565, 'Phạm Văn Đồng', 15),
(2566, 'Phan Huy Ích', 15),
(2567, 'Phan Văn Trị', 15),
(2568, 'Phố 24', 15),
(2569, 'Phố 36', 15),
(2570, 'Phố 45', 15),
(2571, 'Phố 49', 15),
(2572, 'Phố 52', 15),
(2573, 'Phố 56', 15),
(2574, 'Phố 59', 15),
(2575, 'Phú Trung', 15),
(2576, 'Quân Sự', 15),
(2577, 'Quảng Hàm', 15),
(2578, 'Quang Trung', 15),
(2579, 'Quốc lộ 54', 15),
(2580, 'Rạch Bà Miên', 15),
(2581, 'Tân Chánh Hiệp 16', 15),
(2582, 'Tân Sơn', 15),
(2583, 'Tân Thới Hiệp 10', 15),
(2584, 'Thái An 6', 15),
(2585, 'Thạnh Lộc 27', 15),
(2586, 'Thạnh Xuân 13', 15),
(2587, 'Thạnh Xuân 21', 15),
(2588, 'Thích Bửu Đăng', 15),
(2589, 'Thích Bửu Quang', 15),
(2590, 'Thiên Hộ Dương', 15),
(2591, 'Thống Nhất', 15),
(2592, 'Thông Tây Hội', 15),
(2593, 'Tô Ngọc Vân', 15),
(2594, 'Trại Gà', 15),
(2595, 'Trần Bá Giao', 15),
(2596, 'Trần Bình Trọng', 15),
(2597, 'Trần Phú Cương', 15),
(2598, 'Trần Quang Đạo', 15),
(2599, 'Trần Quốc Toản', 15),
(2600, 'Trần Quốc Tuấn', 15),
(2601, 'Trần Thánh Tông', 15),
(2602, 'Trần Thị Nghĩ', 15),
(2603, 'Trích Sài', 15),
(2604, 'Trưng Nữ Vương', 15),
(2605, 'Trương Đăng Quế', 15),
(2606, 'Trương Minh Giảng', 15),
(2607, 'Trường Minh Ký', 15),
(2608, 'Trương Văn Đa', 15),
(2609, 'Tú Mỡ', 15),
(2610, 'Vũ Thanh Tùng', 15),
(2611, 'Xa La', 15),
(2612, 'Yên Hoa', 15),
(2613, 'Đường 1', 16),
(2614, 'Đường 11', 16),
(2615, 'Đường 9', 16),
(2616, 'Cầm Bá Thước', 16),
(2617, 'Cao Thắng', 16),
(2618, 'Chiến Thắng', 16),
(2619, 'Cô Bắc', 16),
(2620, 'Cô Giang', 16),
(2621, 'Cù Lao', 16),
(2622, 'Đặng Thai Mai', 16),
(2623, 'Đặng Văn Ngữ', 16),
(2624, 'Đào Duy Anh', 16),
(2625, 'Đào Duy Từ', 16),
(2626, 'Đinh Tiên Hoàng', 16),
(2627, 'Đỗ Tấn Phong', 16),
(2628, 'Đoàn Thị Điểm', 16),
(2629, 'Duy Tân', 16),
(2630, 'Hồ Biểu Chánh', 16),
(2631, 'Hồ Văn Huê', 16),
(2632, 'Hoa Cau', 16),
(2633, 'Hoa Cúc', 16),
(2634, 'Hoa Đào', 16),
(2635, 'Hoa Giấy', 16),
(2636, 'Hoa Hồng', 16),
(2637, 'Hoa Huệ', 16),
(2638, 'Hoa Lài', 16),
(2639, 'Hoa Lan', 16),
(2640, 'Hoa Mai', 16),
(2641, 'Hoa Phượng', 16),
(2642, 'Hoa Sứ', 16),
(2643, 'Hoa Sữa', 16),
(2644, 'Hoa Thị', 16),
(2645, 'Hoa Trà', 16),
(2646, 'Hoàng Diệu', 16),
(2647, 'Hoàng Hoa Thám', 16),
(2648, 'Hoàng Minh Giám', 16),
(2649, 'Hoàng Sa', 16),
(2650, 'Hoàng Văn Thụ', 16),
(2651, 'Hồng Hà', 16),
(2652, 'Huỳnh Văn Bánh', 16),
(2653, 'Ký Con', 16),
(2654, 'Lam Sơn', 16),
(2655, 'Lê Quý Đôn', 16),
(2656, 'Lê Tự Tài', 16),
(2657, 'Lê Văn Sỹ', 16),
(2658, 'Mai Văn Ngọc', 16),
(2659, 'Man Thu', 16),
(2660, 'Miếu Nổi', 16),
(2661, 'Nam Kỳ Khởi Nghĩa', 16),
(2662, 'Ngô Thời Nhiệm', 16),
(2663, 'Nguyễn Công Hoan', 16),
(2664, 'Nguyễn Đình Chiểu', 16),
(2665, 'Nguyễn Đình Chính', 16),
(2666, 'Nguyễn Hoa Hồng', 16),
(2667, 'Nguyễn Huy Tưởng', 16),
(2668, 'Nguyễn Kiệm', 16),
(2669, 'Nguyễn Lâm', 16),
(2670, 'Nguyễn Thị Huỳnh', 16),
(2671, 'Nguyễn Thị Quỳnh', 16),
(2672, 'Nguyễn Thượng Hiền', 16),
(2673, 'Nguyễn Trọng Tuyển', 16),
(2674, 'Nguyễn Trường Tộ', 16),
(2675, 'Nguyễn Văn Bảo', 16),
(2676, 'Nguyễn Văn Đậu', 16),
(2677, 'Nguyễn Văn Trỗi', 16),
(2678, 'Nhiêu Tứ', 16),
(2679, 'Phạm Viết Chánh', 16),
(2680, 'Phan Đăng Lưu', 16),
(2681, 'Phan Đình Phùng', 16),
(2682, 'Phan Tây Hồ', 16),
(2683, 'Phan Xích Long', 16),
(2684, 'Phổ Quang', 16),
(2685, 'Phùng Văn Cung', 16),
(2686, 'Phùng Văn Khang', 16),
(2687, 'Rạch Miễu', 16),
(2688, 'Tân Canh', 16),
(2689, 'Thích Quảng Đức', 16),
(2690, 'Trần Cao Vân', 16),
(2691, 'Trần Hữu Trang', 16),
(2692, 'Trần Huy Liệu', 16),
(2693, 'Trần Kế Xương', 16),
(2694, 'Trần Khắc Chân', 16),
(2695, 'Trần Quang Diệu', 16),
(2696, 'Trần Quý Đức', 16),
(2697, 'Trần Tế Xương', 16),
(2698, 'Trương Quốc Dung', 16),
(2699, 'Trường Sa', 16),
(2700, 'Vạn Kiếp', 16),
(2701, 'Vũ Huy Tấn', 16),
(2702, 'Đường 1', 17),
(2703, 'Đường 124', 17),
(2704, '17B', 17),
(2705, 'Đường 2', 17),
(2706, '25A', 17),
(2707, '27/3', 17),
(2708, 'Đường 3', 17),
(2709, 'Đường 4', 17),
(2710, 'Phố 45', 17),
(2711, 'Phố 49', 17),
(2712, 'Đường 5', 17),
(2713, 'Phố 52', 17),
(2714, 'Đường 57', 17),
(2715, 'Đường 6', 17),
(2716, 'Đường 7', 17),
(2717, 'A4', 17),
(2718, 'An Tôn', 17),
(2719, 'Ấp Bắc', 17),
(2720, 'Âu Cơ', 17),
(2721, 'B1', 17),
(2722, 'B3', 17),
(2723, 'B6', 17),
(2724, 'Ba Gia', 17),
(2725, 'Ba Vân', 17),
(2726, 'Ba Vì', 17),
(2727, 'Bắc Hải', 17),
(2728, 'Bạch Đằng', 17),
(2729, 'Bành Văn Trân', 17),
(2730, 'Bàu Bàng', 17),
(2731, 'Bàu Cát', 17),
(2732, 'Bàu Cát 1', 17),
(2733, 'Bàu Cát 2', 17),
(2734, 'Bàu Cát 3', 17),
(2735, 'Bàu Cát 4', 17),
(2736, 'Bàu Cát 5', 17),
(2737, 'Bàu Cát 6', 17),
(2738, 'Bàu Cát 7', 17),
(2739, 'Bàu Cát 8', 17),
(2740, 'Bàu Cát 9', 17),
(2741, 'Bàu Cát Đôi', 17),
(2742, 'Bảy Hiền', 17),
(2743, 'Bế Văn Đàn', 17),
(2744, 'Bến Cát', 17),
(2745, 'Bích Phượng', 17),
(2746, 'Bình Giã', 17),
(2747, 'Bùi Thế Mỹ', 17),
(2748, 'Bùi Thị Xuân', 17),
(2749, 'C1', 17),
(2750, 'C12', 17),
(2751, 'C18', 17),
(2752, 'C22', 17),
(2753, 'C27', 17),
(2754, 'C3', 17),
(2755, 'C4', 17),
(2756, 'Ca Văn Thỉnh', 17),
(2757, 'Cách Mạng Tháng Tám', 17),
(2758, 'Chấn Hưng', 17),
(2759, 'Châu Vĩnh Tế', 17),
(2760, 'Chí Linh', 17),
(2761, 'Chử Đồng Tử', 17),
(2762, 'Cộng Hòa', 17),
(2763, 'Cống Lở', 17),
(2764, 'Cù Chính Lan', 17),
(2765, 'Cư Xá Tự Do', 17),
(2766, 'Cửu Long', 17),
(2767, 'D52', 17),
(2768, 'Đại lộ Thăng Long', 17),
(2769, 'Đại Nghĩa', 17),
(2770, 'Dân Trí', 17),
(2771, 'Đặng Lộ', 17),
(2772, 'Đặng Minh Trứ', 17),
(2773, 'Đất Thánh', 17),
(2774, 'Đinh Điền', 17),
(2775, 'Đồ Sơn', 17),
(2776, 'Đống Đa', 17),
(2777, 'Đồng Đen', 17),
(2778, 'Đông Hồ', 17),
(2779, 'Đồng Khởi', 17),
(2780, 'Đồng Nai', 17),
(2781, 'Đông Sơn', 17),
(2782, 'Đồng Xoài', 17),
(2783, 'Đường Hồng Việt', 17),
(2784, 'Dương Vân Nga', 17),
(2785, 'Duy Tân', 17),
(2786, 'Giải Phóng', 17),
(2787, 'Gò Cẩm Đệm', 17),
(2788, 'Hà Bá Tường', 17),
(2789, 'Hát Giang', 17),
(2790, 'Hậu Giang', 17),
(2791, 'Hiệp Nhất', 17),
(2792, 'Hồ Đắc Di', 17),
(2793, 'Hồ Ngọc Cẩn', 17),
(2794, 'Hồ Văn Tắng', 17),
(2795, 'Hòa Bình', 17),
(2796, 'Hoà Hiệp', 17),
(2797, 'Hòa Hưng', 17),
(2798, 'Hoàng Bật Đạt', 17),
(2799, 'Hoàng Hoa Thám', 17),
(2800, 'Hoàng Kế Viêm', 17),
(2801, 'Hoàng Kế Viên', 17),
(2802, 'Hoàng Sa', 17),
(2803, 'Hoàng Văn Thụ', 17),
(2804, 'Hoàng Việt', 17),
(2805, 'Hoàng Xuân Nhị', 17),
(2806, 'Hồng Hà', 17),
(2807, 'Hồng Hạc', 17),
(2808, 'Hồng Lạc', 17),
(2809, 'Hưng Hóa', 17),
(2810, 'Huỳnh Lan Khanh', 17),
(2811, 'Huỳnh Tịnh Của', 17),
(2812, 'Huỳnh Văn Nghệ', 17),
(2813, 'K22', 17),
(2814, 'K300', 17),
(2815, 'Khai Trí', 17),
(2816, 'Khiêu Năng Tĩnh', 17),
(2817, 'Khiếu Năng Tĩnh', 17),
(2818, 'Khuông Việt', 17),
(2819, 'Kim Hải', 17),
(2820, 'Lạc Long Quân', 17),
(2821, 'Lam Sơn', 17),
(2822, 'Lê Bình', 17),
(2823, 'Lê Công Miễn', 17),
(2824, 'Lê Độ', 17),
(2825, 'Lê Duy Nhuận', 17),
(2826, 'Lê Lai', 17),
(2827, 'Lê Minh Xuân', 17),
(2828, 'Lê Ngân', 17),
(2829, 'Lê Phát Đạt', 17),
(2830, 'Lê Tấn Quốc', 17),
(2831, 'Lê Trung Nghĩa', 17),
(2832, 'Lê Văn Huân', 17),
(2833, 'Lê Văn Sỹ', 17),
(2834, 'Lô D', 17),
(2835, 'Lộc Hưng', 17),
(2836, 'Long Hưng', 17),
(2837, 'Lương Thế Vinh', 17),
(2838, 'Lưu Nhân Chú', 17),
(2839, 'Lý Thường Kiệt', 17),
(2840, 'Mai Lão Bạng', 17),
(2841, 'Năm Châu', 17),
(2842, 'Nam Sơn', 17),
(2843, 'Nghĩa Hòa', 17),
(2844, 'Nghĩa Hưng', 17),
(2845, 'Nghĩa Phát', 17),
(2846, 'Ngô Bệ', 17),
(2847, 'Ngô Gia Tự', 17),
(2848, 'Ngô Thị Thu Minh', 17),
(2849, 'Ngọc Phú', 17),
(2850, 'Nguyễn Bá Tòng', 17),
(2851, 'Nguyễn Bá Tuyển', 17),
(2852, 'Nguyễn Bậc', 17),
(2853, 'Nguyễn Bặc', 17),
(2854, 'Nguyễn Biểu B2', 17),
(2855, 'Nguyễn Cảnh Dị', 17),
(2856, 'Nguyễn Chánh Sắt', 17),
(2857, 'Nguyễn Đình Khơi', 17),
(2858, 'Nguyễn Đức Thuận', 17),
(2859, 'Nguyễn Hiến Lê', 17),
(2860, 'Nguyễn Hồng Đào', 17),
(2861, 'Nguyễn Minh Châu', 17),
(2862, 'Nguyễn Minh Hoàng', 17),
(2863, 'Nguyễn Phúc Chu', 17),
(2864, 'Nguyễn Quang Bích', 17),
(2865, 'Nguyễn Sỹ Sách', 17),
(2866, 'Nguyễn Thái Bình', 17),
(2867, 'Nguyễn Thanh Tuyền', 17),
(2868, 'Nguyễn Thế Lộc', 17),
(2869, 'Nguyễn Thị Nhỏ', 17),
(2870, 'Nguyễn Thị Thu Minh', 17),
(2871, 'Nguyễn Trọng Lội', 17),
(2872, 'Nguyễn Trọng Tuyển', 17),
(2873, 'Nguyễn Tư Giản', 17),
(2874, 'Nguyễn Tử Nha', 17),
(2875, 'Nguyễn Văn Mai', 17),
(2876, 'Nguyễn Văn Mại', 17),
(2877, 'Nguyễn Văn Trỗi', 17),
(2878, 'Nguyễn Văn Vĩnh', 17),
(2879, 'Nguyễn Văn Vịnh', 17),
(2880, 'Nguyễn Văn Vỹ', 17),
(2881, 'Nhất Chi Mai', 17),
(2882, 'Ni Sư Huỳnh Liên', 17),
(2883, 'Núi Thành', 17),
(2884, 'Phạm Cự Lượng', 17),
(2885, 'Phạm Ngọc Thạch', 17),
(2886, 'Phạm Phú Thứ', 17),
(2887, 'Phạm Văn Bạch', 17),
(2888, 'Phạm Văn Hai', 17),
(2889, 'Phạm Văn Sáng', 17),
(2890, 'Phan Bá Phiến', 17),
(2891, 'Phan Đình Giót', 17),
(2892, 'Phan Huy Ích', 17),
(2893, 'Phan Sào Nam', 17),
(2894, 'Phan Thăng Long', 17),
(2895, 'Phan Thúc Duyện', 17),
(2896, 'Phan Văn Sửu', 17),
(2897, 'Phổ Quang', 17),
(2898, 'Phù Dung', 17),
(2899, 'Phú Hòa', 17),
(2900, 'Phú Lộc', 17),
(2901, 'Quách Văn Tuấn', 17),
(2902, 'Quảng Hiền', 17),
(2903, 'Sầm Sơn', 17),
(2904, 'Sao Mai', 17),
(2905, 'Sơn Cang', 17),
(2906, 'Sơn Hùng', 17),
(2907, 'Sơn Hưng', 17),
(2908, 'Sông Đà', 17),
(2909, 'Sông Đáy', 17),
(2910, 'Sông Nhuệ', 17),
(2911, 'Sông Thao', 17),
(2912, 'Sông Thương', 17),
(2913, 'T4A', 17),
(2914, 'Tái Thiết', 17),
(2915, 'Tân Canh', 17),
(2916, 'Tân Hải', 17),
(2917, 'Tân Khai', 17),
(2918, 'Tân Kỳ Tân Quý', 17),
(2919, 'Tân Lập', 17),
(2920, 'Tân Phước', 17),
(2921, 'Tân Sơn', 17),
(2922, 'Tân Sơn Hòa', 17),
(2923, 'Tân Sơn Nhì', 17),
(2924, 'Tân Thành', 17),
(2925, 'Tân Thọ', 17),
(2926, 'Tân Tiến', 17),
(2927, 'Tân Trang', 17),
(2928, 'Tân Trụ', 17),
(2929, 'Tản Viên', 17),
(2930, 'Tân Xuân', 17),
(2931, 'Thái Thị Nhạn', 17),
(2932, 'Thân Nhân Trung', 17),
(2933, 'Thăng  Long', 17),
(2934, 'Thành Mỹ', 17),
(2935, 'Thép Mới', 17),
(2936, 'Thích Minh Nguyệt', 17),
(2937, 'Thiên Phước', 17),
(2938, 'Thúy Lĩnh', 17),
(2939, 'Tiền Giang', 17),
(2940, 'Tống Văn Hên', 17),
(2941, 'Trà Khúc', 17),
(2942, 'Trần Mai Ninh', 17),
(2943, 'Trần Nhân Tông', 17),
(2944, 'Trần Quốc Hoàn', 17),
(2945, 'Trần Tấn', 17),
(2946, 'Trần Thái Tông', 17),
(2947, 'Trần Thánh Tông', 17),
(2948, 'Trần Triệu Luật', 17),
(2949, 'Trần Văn Danh', 17),
(2950, 'Trần Văn Dư', 17),
(2951, 'Trần Văn Hoàng', 17),
(2952, 'Trần Văn Quang', 17),
(2953, 'Trịnh Đình Trọng', 17),
(2954, 'Trung Lang', 17),
(2955, 'Trường Chinh', 17),
(2956, 'Trương Công Định', 17),
(2957, 'Trương Hoàng Thanh', 17),
(2958, 'Trương Quốc Dung', 17),
(2959, 'Trương Quốc Hoàng', 17),
(2960, 'Trường Sa', 17),
(2961, 'Trường Sơn', 17),
(2962, 'Trương Tấn Sang', 17),
(2963, 'Tự Cường', 17),
(2964, 'Tứ Hải', 17),
(2965, 'Tự Lập', 17),
(2966, 'Út Tịch', 17),
(2967, 'Văn Chung', 17),
(2968, 'Vân Côi', 17),
(2969, 'Võ Đình Tú', 17),
(2970, 'Võ Thành Trang', 17),
(2971, 'Võ Trung Thành', 17),
(2972, 'Vườn Lan', 17),
(2973, 'Xuân Diệu', 17),
(2974, 'Xuân Hồng', 17),
(2975, 'Yên Thế', 17),
(2976, 'Đường 1', 18),
(2977, '11N', 18),
(2978, 'Đường 14', 18),
(2979, '14B', 18),
(2980, 'Đường 18', 18),
(2981, 'Đường 19', 18),
(2982, '19/5', 18),
(2983, 'Đường 2', 18),
(2984, '26-3', 18),
(2985, 'Đường 27', 18),
(2986, 'Đường 3', 18),
(2987, 'Đường 30', 18),
(2988, '30/4', 18),
(2989, 'Đường 33', 18),
(2990, '3A', 18),
(2991, 'Đường 41', 18),
(2992, 'Đường 47', 18),
(2993, 'Đường 50', 18),
(2994, '5A', 18),
(2995, 'Đường 66', 18),
(2996, 'A', 18),
(2997, 'An Phú Đông 27', 18),
(2998, 'Âu Cơ', 18),
(2999, 'B', 18),
(3000, 'B1', 18),
(3001, 'B2', 18),
(3002, 'B3', 18),
(3003, 'B4', 18),
(3004, 'Bác Ái', 18),
(3005, 'Bắc Ái', 18),
(3006, 'Bàu Cát', 18),
(3007, 'Bàu Cát 4', 18),
(3008, 'Bình Long', 18),
(3009, 'Bờ Bao Tân Thắng', 18),
(3010, 'Bùi Cẩm Hổ', 18),
(3011, 'Bùi Thế Mỹ', 18),
(3012, 'Bùi Xuân Phái', 18),
(3013, 'C13', 18),
(3014, 'C2', 18),
(3015, 'C4', 18),
(3016, 'C6', 18),
(3017, 'C8', 18),
(3018, 'Cách Mạng', 18),
(3019, 'Cao Văn Ngọc', 18),
(3020, 'Cầu Niệm', 18),
(3021, 'Cầu Xây 2', 18),
(3022, 'Cầu Xéo', 18),
(3023, 'Cây Keo', 18),
(3024, 'CC2', 18),
(3025, 'CC3', 18),
(3026, 'CC5', 18),
(3027, 'Chân Lý', 18),
(3028, 'Chế Lan Viên', 18),
(3029, 'Chu Thiện', 18),
(3030, 'Chu Văn An', 18),
(3031, 'CN1', 18),
(3032, 'CN10', 18),
(3033, 'CN11', 18),
(3034, 'CN12', 18),
(3035, 'CN13', 18),
(3036, 'CN3', 18),
(3037, 'CN4', 18),
(3038, 'CN5', 18),
(3039, 'CN6', 18),
(3040, 'CN8', 18),
(3041, 'CN9', 18),
(3042, 'Cộng Hòa', 18),
(3043, 'Cộng Hòa 3', 18),
(3044, 'D10', 18),
(3045, 'D11', 18),
(3046, 'D12', 18),
(3047, 'D13', 18),
(3048, 'D14', 18),
(3049, 'D14A', 18),
(3050, 'D14B', 18),
(3051, 'D15', 18),
(3052, 'D16', 18),
(3053, 'D3', 18),
(3054, 'D4', 18),
(3055, 'D9', 18),
(3056, 'Đại Thành', 18),
(3057, 'Đàm Thận Huy', 18),
(3058, 'Dân Chủ', 18),
(3059, 'Dân Tộc', 18),
(3060, 'Đặng Thế Phong', 18),
(3061, 'Đào Nguyên Cẩn', 18),
(3062, 'Đào Trí', 18),
(3063, 'Đẩu Vũ', 18),
(3064, 'DC1', 18),
(3065, 'DC11', 18),
(3066, 'DC13', 18),
(3067, 'DC3', 18),
(3068, 'DC4', 18),
(3069, 'DC5', 18),
(3070, 'DC6', 18),
(3071, 'DC7', 18),
(3072, 'DC8', 18),
(3073, 'DC9', 18),
(3074, 'Điện Biên Phủ', 18),
(3075, 'Điện Cao Thế', 18),
(3076, 'Diệp Minh Châu', 18),
(3077, 'Đinh Liệt', 18),
(3078, 'Đỗ Bí', 18),
(3079, 'Đỗ Công Tường', 18),
(3080, 'Đô Đốc Chân', 18),
(3081, 'Đô Đốc Lộc', 18),
(3082, 'Đô Đốc Long', 18),
(3083, 'Đô Đốc Thành', 18),
(3084, 'Đô Đốc Thủ', 18),
(3085, 'Đỗ Đức Dục', 18),
(3086, 'Đỗ Nhuận', 18),
(3087, 'Đỗ Thị Tám', 18),
(3088, 'Đỗ Thị Tâm', 18),
(3089, 'Đỗ Thừa Luông', 18),
(3090, 'Đỗ Thừa Tự', 18),
(3091, 'Đỗ Văn Nam', 18),
(3092, 'Đoàn Giỏi', 18),
(3093, 'Đoàn Hồng Phúc', 18),
(3094, 'Đoàn Hồng Phước', 18),
(3095, 'Đoàn Kết', 18),
(3096, 'Độc Lập', 18),
(3097, 'Đông Hưng Thuận 6', 18),
(3098, 'Dương Đình Cúc', 18),
(3099, 'Dương Đức Hiền', 18),
(3100, 'Dương Khê', 18),
(3101, 'Dương Khuê', 18),
(3102, 'Đường S3', 18),
(3103, 'Đường S7', 18),
(3104, 'Dương Thiệu Tước', 18),
(3105, 'Dương Văn Dương', 18),
(3106, 'Gò Dầu', 18),
(3107, 'Gò Xoài', 18),
(3108, 'Hàn Giang', 18),
(3109, 'Hàn Mặc Tử', 18),
(3110, 'Hậu Lân', 18),
(3111, 'Hiền Vương', 18),
(3112, 'Hiệp Thành 13', 18),
(3113, 'Hồ Đắc Di', 18),
(3114, 'Hồ Ngọc Cẩn', 18),
(3115, 'Hoa Bằng', 18),
(3116, 'Hòa Bình', 18),
(3117, 'Hoàng Ngọc Phách', 18),
(3118, 'Hoàng Thiều Hoa', 18),
(3119, 'Hoàng Văn Hòe', 18),
(3120, 'Hoàng Việt', 18),
(3121, 'Hoàng Xuân Hoành', 18),
(3122, 'Hoàng Xuân Nhị', 18),
(3123, 'Hương lộ 2', 18),
(3124, 'Hương Lộ 3', 18),
(3125, 'Huỳnh Thiên Lộc', 18),
(3126, 'Huỳnh Thiệu Hoa', 18),
(3127, 'Huỳnh Văn Chính', 18),
(3128, 'Huỳnh Văn Gấm', 18),
(3129, 'Huỳnh Văn Một', 18),
(3130, 'Huỳnh Văn Nghệ', 18),
(3131, 'Ích Thiên', 18),
(3132, 'Ích Thiện', 18),
(3133, 'Kênh Tân Hóa', 18),
(3134, 'Khởi Nghĩa Bắc Sơn', 18),
(3135, 'Khuông Việt', 18),
(3136, 'Kiều Sơn', 18),
(3137, 'Lê Cảnh Tuân', 18),
(3138, 'Lê Cao Lãng', 18),
(3139, 'Lê Đình Thám', 18),
(3140, 'Lê Đình Thụ', 18),
(3141, 'Lê Khôi', 18),
(3142, 'Lê Lâm', 18),
(3143, 'Lê Lăng', 18),
(3144, 'Lê Liễu', 18),
(3145, 'Lê Lộ', 18),
(3146, 'Lê Lư', 18),
(3147, 'Lê Ngã', 18),
(3148, 'Lê Niệm', 18),
(3149, 'Lê Quang Chiểu', 18),
(3150, 'Lê Quát', 18),
(3151, 'Lê Quốc Trinh', 18),
(3152, 'Lê Sao', 18),
(3153, 'Lê Sát', 18),
(3154, 'Lê Thận', 18),
(3155, 'Lê Thiệt', 18),
(3156, 'Lê Thúc Hoạch', 18),
(3157, 'Lê Trọng Tấn', 18),
(3158, 'Lê Trung Đình', 18),
(3159, 'Lê Văn Phan', 18),
(3160, 'Lê Văn Phấn', 18),
(3161, 'Lê Văn Thứ', 18),
(3162, 'Lê Vĩnh Hòa', 18),
(3163, 'Lộc Hòa', 18),
(3164, 'Lương Đắc Bằng', 18),
(3165, 'Lương Minh Nguyệt', 18),
(3166, 'Lương Thế Vinh', 18),
(3167, 'Lương Trúc Đàm', 18),
(3168, 'Lưu Chí Hiếu', 18),
(3169, 'Lũy Bán Bích', 18),
(3170, 'Lý Ông Trọng', 18),
(3171, 'Lý Thái Tông', 18),
(3172, 'Lý Thánh Tông', 18),
(3173, 'Lý Tuệ', 18),
(3174, 'Mã Lò', 18),
(3175, 'Mương Khai', 18),
(3176, 'Nghiêm Toản', 18),
(3177, 'Ngô Quyền', 18),
(3178, 'Ngụy Như Kon Tum', 18),
(3179, 'Ngụy Như KonTum', 18),
(3180, 'Nguyễn Bá Tòng', 18),
(3181, 'Nguyễn Chích', 18),
(3182, 'Nguyễn Cửu Đàm', 18),
(3183, 'Nguyễn Đỗ Cung', 18),
(3184, 'Nguyễn Du', 18),
(3185, 'Nguyễn Dữ', 18),
(3186, 'Nguyễn Háo Vĩnh', 18),
(3187, 'Nguyễn Hậu', 18),
(3188, 'Nguyễn Hữu Dật', 18),
(3189, 'Nguyễn Hữu Tiến', 18),
(3190, 'Nguyễn Huy Chương', 18),
(3191, 'Nguyễn Khanh', 18),
(3192, 'Nguyễn Lộ Trạch', 18),
(3193, 'Nguyễn Lý', 18),
(3194, 'Nguyễn Minh Châu', 18),
(3195, 'Nguyễn Mỹ Ca', 18),
(3196, 'Nguyễn Nghiêm', 18),
(3197, 'Nguyễn Ngọc Nhựt', 18),
(3198, 'Nguyễn Nhữ Lãm', 18),
(3199, 'Nguyễn Quang Diêu', 18),
(3200, 'Nguyễn Quế Anh', 18),
(3201, 'Nguyễn Quý Anh', 18),
(3202, 'Nguyễn Sáng', 18),
(3203, 'Nguyễn Sơn', 18),
(3204, 'Nguyễn Súy', 18),
(3205, 'Nguyễn Thái Học', 18),
(3206, 'Nguyễn Thế Truyện', 18),
(3207, 'Nguyễn Thiệu Lâu', 18),
(3208, 'Nguyễn Trọng Phụng', 18),
(3209, 'Nguyễn Trọng Quyền', 18),
(3210, 'Nguyễn Trường Tộ', 18),
(3211, 'Nguyễn Văn Dưỡng', 18),
(3212, 'Nguyễn Văn Huyên', 18),
(3213, 'Nguyễn Văn Ngọc', 18),
(3214, 'Nguyễn Văn Phú', 18),
(3215, 'Nguyễn Văn Săng', 18),
(3216, 'Nguyễn Văn Tố', 18),
(3217, 'Nguyễn Văn Vịnh', 18),
(3218, 'Nguyễn Văn Xảo', 18),
(3219, 'Nguyễn Văn Yến', 18),
(3220, 'Nguyễn Xuân Khoát', 18),
(3221, 'Núi Một', 18),
(3222, 'Ông Ích Khiêm', 18),
(3223, 'Phạm Ngọc', 18),
(3224, 'Phạm Ngọc Nhật', 18),
(3225, 'Phạm Ngọc Thạch', 18),
(3226, 'Phạm Ngọc Thảo', 18),
(3227, 'Phạm Qúy Thích', 18),
(3228, 'Phạm Vấn', 18),
(3229, 'Phạm Văn Nam', 18),
(3230, 'Phạm Văn Xảo', 18),
(3231, 'Phan Anh', 18),
(3232, 'Phan Chu Trinh', 18),
(3233, 'Phan Đình Phùng', 18),
(3234, 'Phan Văn Năm', 18),
(3235, 'Phố Chợ', 18),
(3236, 'Phú Thọ Hòa', 18),
(3237, 'Phú Trung', 18),
(3238, 'Phùng Chí Kiên', 18),
(3239, 'Quách Đỉnh Bảo', 18),
(3240, 'Quách Hữu Nghiêm', 18),
(3241, 'Quách Vũ', 18),
(3242, 'Quốc lộ 1A', 18),
(3243, 'S1', 18),
(3244, 'S11', 18),
(3245, 'S2', 18),
(3246, 'S3', 18),
(3247, 'S4', 18),
(3248, 'S5', 18),
(3249, 'S8', 18),
(3250, 'S9', 18),
(3251, 'Sơn Kỳ', 18),
(3252, 'Sơn Kỳ 2', 18),
(3253, 'T1', 18),
(3254, 'T3', 18),
(3255, 'T4', 18),
(3256, 'T4A', 18),
(3257, 'T4B', 18),
(3258, 'T5', 18),
(3259, 'T6', 18),
(3260, 'T8', 18),
(3261, 'Tân Chánh Hiệp 16', 18),
(3262, 'Tân Chánh Hiệp 2', 18),
(3263, 'Tân Hương', 18),
(3264, 'Tân Kỳ Tân Quý', 18),
(3265, 'Tân Quý', 18),
(3266, 'Tân Sơn Nhì', 18),
(3267, 'Tân Thắng', 18),
(3268, 'Tân Thành', 18),
(3269, 'Tân Thới Hiệp 10', 18),
(3270, 'Tây Sơn', 18),
(3271, 'Tây Thạnh', 18),
(3272, 'Thạch Lam', 18),
(3273, 'Thẩm Mỹ', 18),
(3274, 'Thành Công', 18),
(3275, 'Thạnh Lộc 27', 18),
(3276, 'Thạnh Xuân 13', 18),
(3277, 'Thạnh Xuân 21', 18),
(3278, 'Thích Bửu Đăng', 18),
(3279, 'Thoại Ngọc Hầu', 18),
(3280, 'Thống Nhất', 18),
(3281, 'Tô Hiệu', 18),
(3282, 'Tống Văn Trân', 18),
(3283, 'Trại Gà', 18),
(3284, 'Trần Bình Trọng', 18),
(3285, 'Trần Hưng Đạo', 18),
(3286, 'Trần Huy Giáp', 18),
(3287, 'Trần Phú', 18),
(3288, 'Trần Quang Cơ', 18),
(3289, 'Trần Quang Đạo', 18),
(3290, 'Trần Quang Quá', 18),
(3291, 'Trần Tấn', 18),
(3292, 'Trần Thủ Độ', 18),
(3293, 'Trần Văn Cẩn', 18),
(3294, 'Trần Văn Giáp', 18),
(3295, 'Trần Văn Ngọc', 18),
(3296, 'Trần Văn Ơn', 18),
(3297, 'Trích Sài', 18),
(3298, 'Trịnh Đình Thảo', 18),
(3299, 'Trịnh Đình Trọng', 18),
(3300, 'Trịnh Lỗi', 18),
(3301, 'Trường Chinh', 18),
(3302, 'Trương Hảo Vĩnh', 18),
(3303, 'Trương Văn Đa', 18),
(3304, 'Trương Vân Lĩnh', 18),
(3305, 'Trương Văn Thành', 18),
(3306, 'Trương Vĩnh Ký', 18),
(3307, 'Tự Do', 18),
(3308, 'Tự Quyết', 18),
(3309, 'Văn Cao', 18),
(3310, 'Vạn Hạnh', 18),
(3311, 'Võ Công Tồn', 18),
(3312, 'Võ Hoành', 18),
(3313, 'Võ Văn Dũng', 18),
(3314, 'Vũ Trọng Phụng', 18),
(3315, 'Vườn Lài', 18),
(3316, 'Xa La', 18),
(3317, 'Ỷ Lan', 18),
(3318, 'Yên Đỗ', 18),
(3319, 'Đường 1', 19),
(3320, 'Đường 10', 19),
(3321, 'Đường 11', 19),
(3322, 'Đường 12', 19),
(3323, 'Đường 13', 19),
(3324, 'Đường 14', 19),
(3325, 'Đường 15', 19),
(3326, 'Đường 16', 19),
(3327, 'Đường 17', 19),
(3328, 'Đường 18', 19),
(3329, 'Đường 182', 19),
(3330, 'Đường 19', 19),
(3331, 'Đường 2', 19),
(3332, 'Đường 20', 19),
(3333, 'Đường 21', 19),
(3334, 'Đường 22', 19),
(3335, 'Đường 23', 19),
(3336, 'Phố 24', 19),
(3337, 'Đường 25', 19),
(3338, 'Đường 26', 19),
(3339, 'Đường 27', 19),
(3340, 'Đường 28', 19),
(3341, 'Đường 29', 19),
(3342, 'Đường 3', 19),
(3343, '3/2', 19),
(3344, 'Đường 30', 19),
(3345, 'Đường 31', 19),
(3346, 'Đường 32', 19),
(3347, 'Đường 33', 19),
(3348, 'Đường 34', 19),
(3349, 'Đường 35', 19),
(3350, 'Phố 36', 19),
(3351, 'Phố 37', 19),
(3352, 'Đường 38', 19),
(3353, 'Đường 39', 19),
(3354, 'Đường 4', 19),
(3355, 'Đường 40', 19),
(3356, 'Đường 41', 19),
(3357, 'Đường 42', 19),
(3358, 'Đường 43', 19),
(3359, 'Đường 44', 19),
(3360, 'Phố 45', 19),
(3361, 'Đường 46', 19),
(3362, 'Đường 47', 19),
(3363, 'Đường 48', 19),
(3364, 'Phố 49', 19),
(3365, 'Đường 5', 19),
(3366, 'Đường 50', 19),
(3367, '50/27', 19),
(3368, 'Đường 51', 19),
(3369, 'Phố 52', 19),
(3370, 'Đường 53', 19),
(3371, 'Đường 54', 19),
(3372, 'Đường 57', 19),
(3373, 'Đường 6', 19),
(3374, 'Đường 606', 19),
(3375, 'Đường 63', 19),
(3376, 'Đường 652', 19),
(3377, 'Đường 66', 19),
(3378, 'Đường 7', 19),
(3379, '7L', 19),
(3380, 'Đường 8', 19),
(3381, 'Đường 808', 19),
(3382, 'Đường 9', 19),
(3383, 'An Phú Đông 27', 19),
(3384, 'B', 19),
(3385, 'B2', 19),
(3386, 'Bắc Ái', 19),
(3387, 'Bình Chiểu', 19),
(3388, 'Bình Đường', 19),
(3389, 'Bình Đường 2', 19),
(3390, 'Bình Đường 3', 19),
(3391, 'Bình Phú', 19),
(3392, 'Bình Triệu', 19),
(3393, 'Cân Nhơn Hòa', 19),
(3394, 'Cao tốc Bình Lợi - Linh Tây', 19),
(3395, 'Cây Keo', 19),
(3396, 'Chân Lý', 19),
(3397, 'Chu Mạnh Trinh', 19),
(3398, 'Chu Văn An', 19),
(3399, 'Chương Dương', 19),
(3400, 'Công Lý', 19),
(3401, 'Cù Lao Thượng', 19),
(3402, 'D1', 19),
(3403, 'D15', 19),
(3404, 'D2', 19),
(3405, 'D3', 19),
(3406, 'D52', 19),
(3407, 'D5B', 19),
(3408, 'D6', 19),
(3409, 'D9', 19),
(3410, 'Dân Chủ', 19),
(3411, 'Đặng Thị Rành', 19),
(3412, 'Đặng Văn Bi', 19),
(3413, 'Đào Trinh Nhất', 19),
(3414, 'Đoàn Công Hớn', 19),
(3415, 'Đoàn Kết', 19),
(3416, 'Độc Lập', 19),
(3417, 'Đồng Bông', 19),
(3418, 'Đông Hưng Thuận 42', 19),
(3419, 'Đông Hưng Thuận 6', 19),
(3420, 'ĐT 741', 19),
(3421, 'ĐT 747', 19),
(3422, 'Dương Văn Cam', 19),
(3423, 'Einstein', 19),
(3424, 'Gò Dưa', 19),
(3425, 'Hàn Giang', 19),
(3426, 'Hàn Thuyên', 19),
(3427, 'Hậu Lân', 19),
(3428, 'Hiệp Bình', 19),
(3429, 'Hiệp Thành 13', 19),
(3430, 'Hiệp Thành 18', 19),
(3431, 'Hồ Biểu Chánh', 19),
(3432, 'Hồ Văn Tư', 19),
(3433, 'Hòa Bình', 19),
(3434, 'Hoàng Diệu', 19),
(3435, 'Hoàng Diệu 2', 19),
(3436, 'Hồng Đức', 19),
(3437, 'Hữu Nghị', 19),
(3438, 'Kha Vạn Cân', 19),
(3439, 'Khởi Nghĩa Bắc Sơn', 19),
(3440, 'Khổng Tử', 19),
(3441, 'Lam Sơn', 19),
(3442, 'Lê Quý Đôn', 19),
(3443, 'Lê Thị Hoa', 19),
(3444, 'Lê Văn Chí', 19),
(3445, 'Lê Văn Ninh', 19),
(3446, 'Lê Văn Tách', 19),
(3447, 'Linh Chiểu', 19),
(3448, 'Linh Đông', 19),
(3449, 'Linh Tây', 19),
(3450, 'Linh Trung', 19),
(3451, 'Linh Xuân', 19),
(3452, 'Lộc Hòa', 19),
(3453, 'Lương Khải Siêu', 19),
(3454, 'Lý Ông Trọng', 19),
(3455, 'Lý Tế Xuyên', 19),
(3456, 'Mương Khai', 19),
(3457, 'Nam Thọ 1', 19),
(3458, 'Ngô Chí Quốc', 19),
(3459, 'Ngọc Lan', 19),
(3460, 'Nguyễn An Ninh', 19),
(3461, 'Nguyễn Bá Luật', 19),
(3462, 'Nguyễn Bỉnh Khiêm', 19),
(3463, 'Nguyễn Huy Chương', 19),
(3464, 'Nguyễn Khanh', 19),
(3465, 'Nguyễn Khuyến', 19),
(3466, 'Nguyễn Văn Bá', 19),
(3467, 'Nguyễn Văn Lịch', 19),
(3468, 'Nguyễn Viết Xuân', 19),
(3469, 'Núi Một', 19),
(3470, 'Pasteur', 19),
(3471, 'Phạm Văn Chiêu', 19),
(3472, 'Phạm Văn Đồng', 19),
(3473, 'Phạm Văn Sáng', 19),
(3474, 'Phan Huy Chú', 19),
(3475, 'Phú Châu', 19),
(3476, 'Phú Trung', 19),
(3477, 'Quốc Lộ 13', 19),
(3478, 'Quốc lộ 1A', 19),
(3479, 'Quốc lộ 1K', 19),
(3480, 'Quốc lộ 32', 19),
(3481, 'Rạch Lùng', 19),
(3482, 'Sông Đà', 19),
(3483, 'Tam Bình', 19),
(3484, 'Tam Châu', 19),
(3485, 'Tam Hà', 19),
(3486, 'Tâm Tâm Xã', 19),
(3487, 'Tân Chánh Hiệp 16', 19),
(3488, 'Tân Chánh Hiệp 2', 19),
(3489, 'Tân Lập', 19),
(3490, 'Tân Sơn Nhất', 19),
(3491, 'Tân Thới Hiệp 10', 19),
(3492, 'Thạnh Lộc 27', 19),
(3493, 'Thạnh Xuân 13', 19),
(3494, 'Thạnh Xuân 21', 19),
(3495, 'Thích Bửu Đăng', 19),
(3496, 'Thống Nhất', 19),
(3497, 'Tỉnh lộ 43', 19),
(3498, 'Tô Ngọc Vân', 19),
(3499, 'Tô Vĩnh Diện', 19),
(3500, 'Trại Gà', 19),
(3501, 'Trần Quang Đạo', 19),
(3502, 'Trần Văn Nữa', 19),
(3503, 'Trích Sài', 19),
(3504, 'Trịnh Phong Đáng', 19),
(3505, 'Trưng Nhị', 19),
(3506, 'Trưng Trắc', 19),
(3507, 'Trưng Trắc B', 19),
(3508, 'Trường Sơn', 19),
(3509, 'Trường Thọ', 19),
(3510, 'Truông Tre', 19),
(3511, 'Trương Văn Đa', 19),
(3512, 'Trương Văn Ngư', 19),
(3513, 'Ụ Ghe', 19),
(3514, 'Vành Đai 2', 19),
(3515, 'Vành Đai Đông', 19),
(3516, 'Võ Nguyên Giáp', 19),
(3517, 'Võ Quảng', 19),
(3518, 'Võ Tiên Sư', 19),
(3519, 'Võ Văn Ngân', 19),
(3520, 'Xa La', 19),
(3521, 'Xa lộ Đại Hàn', 19),
(3522, 'Xa Lộ Hà Nội', 19),
(3523, 'Xuyên Á', 19),
(3524, 'Đường 1', 20),
(3525, 'Đường 10', 20),
(3526, '10A', 20),
(3527, '10B', 20),
(3528, 'Đường 11', 20),
(3529, 'Đường 12', 20),
(3530, 'Đường 13', 20),
(3531, 'Đường 14', 20),
(3532, 'Đường 15', 20),
(3533, 'Đường 16', 20),
(3534, 'Đường 17', 20),
(3535, 'Đường 18', 20),
(3536, 'Đường 19', 20),
(3537, '1A', 20),
(3538, '1B', 20),
(3539, '1E', 20),
(3540, 'Đường 2', 20),
(3541, 'Đường 21', 20),
(3542, 'Đường 22', 20),
(3543, 'Đường 234', 20),
(3544, 'Phố 24', 20),
(3545, 'Đường 26', 20),
(3546, 'Đường 27', 20),
(3547, '2B', 20),
(3548, 'Đường 3', 20),
(3549, 'Đường 33', 20),
(3550, '3A', 20),
(3551, '3B', 20),
(3552, 'Đường 4', 20),
(3553, 'Đường 47', 20),
(3554, '4E', 20),
(3555, 'Đường 5', 20),
(3556, 'Đường 50', 20),
(3557, 'Đường 51', 20),
(3558, '5A', 20),
(3559, '5B', 20),
(3560, '5C', 20),
(3561, 'Đường 6', 20),
(3562, '6A', 20),
(3563, '6B', 20),
(3564, '6C', 20),
(3565, '6D', 20),
(3566, '6T', 20),
(3567, 'Đường 7', 20),
(3568, '7 Tấn', 20),
(3569, 'Đường 8', 20),
(3570, '8A', 20),
(3571, '8B', 20),
(3572, '8C', 20),
(3573, 'Đường 9', 20),
(3574, '9A', 20),
(3575, 'An Hạ', 20),
(3576, 'An Phú Đông 27', 20),
(3577, 'An Phú Tây', 20),
(3578, 'B10', 20),
(3579, 'Bà Cả', 20),
(3580, 'Bà Hom', 20),
(3581, 'Bà Thau', 20),
(3582, 'Bến Lội', 20),
(3583, 'Bình Trường', 20),
(3584, 'Bờ Huệ', 20),
(3585, 'Bờ Nhà Thờ', 20),
(3586, 'Bờ Xe Lam', 20),
(3587, 'Bông Văn Dĩa', 20),
(3588, 'Bùi Thanh Khiết', 20),
(3589, 'Bùi Văn Sự', 20),
(3590, 'C2', 20),
(3591, 'C3', 20),
(3592, 'C4', 20),
(3593, 'C7', 20),
(3594, 'C9', 20),
(3595, 'Cao Lỗ', 20),
(3596, 'Cây Bàn', 20),
(3597, 'Cây Bàng', 20),
(3598, 'Cây Cám', 20),
(3599, 'Cây Dương', 20),
(3600, 'Chánh Hưng', 20),
(3601, 'Chiến Lược', 20),
(3602, 'Chùa', 20),
(3603, 'Công Nghệ Mới', 20),
(3604, 'Đa Phước', 20),
(3605, 'Đinh Đức Thiện', 20),
(3606, 'Đoàn Nguyễn Tuấn', 20),
(3607, 'Đông Hưng Thuận 6', 20),
(3608, 'Đường Đất', 20),
(3609, 'Dương Đình Cúc', 20),
(3610, 'G7', 20),
(3611, 'Giao thông hào', 20),
(3612, 'Hà Thanh', 20),
(3613, 'Hàng Cọ', 20),
(3614, 'Hàng Cọ 9A', 20),
(3615, 'Hậu Lân', 20),
(3616, 'Hiệp Thành 13', 20),
(3617, 'Hiệp Thành 7', 20),
(3618, 'Hoàng Phan Thái', 20),
(3619, 'Hóc Hữu', 20),
(3620, 'Hưng Long', 20),
(3621, 'Hưng Nhơn', 20),
(3622, 'Hương lộ  80', 20),
(3623, 'Hương Lộ 11', 20),
(3624, 'Hương lộ 14', 20),
(3625, 'Huỳnh Bá Chánh', 20),
(3626, 'Huỳnh Hữu Trí', 20),
(3627, 'Huỳnh Văn Trí', 20),
(3628, 'Kênh', 20),
(3629, 'Kênh 10', 20),
(3630, 'Kênh 7', 20),
(3631, 'Kênh 8', 20),
(3632, 'Kênh 9', 20),
(3633, 'Kênh A', 20),
(3634, 'Kênh C', 20),
(3635, 'Kênh Trung Ương', 20),
(3636, 'Khuất Văn Bức', 20),
(3637, 'Kinh A', 20),
(3638, 'Kinh Rau Răm', 20),
(3639, 'Kinh Trung Ương', 20),
(3640, 'Lại Hùng Cường', 20),
(3641, 'Láng Le Bàu Cò', 20),
(3642, 'Lê Chân', 20),
(3643, 'Lê Chính Đang', 20),
(3644, 'Lê Đình Chi', 20),
(3645, 'Lê Minh Xuân', 20),
(3646, 'Liên Ấp', 20),
(3647, 'Liên ấp 123', 20),
(3648, 'Liên ấp 2-3', 20),
(3649, 'Liên Ấp 2-3-4', 20),
(3650, 'Liên ấp 2-6', 20),
(3651, 'Liên ấp 3-4-5', 20),
(3652, 'Liên ấp 4-5', 20),
(3653, 'Liên ấp 5-6', 20),
(3654, 'Liên Ấp 6', 20),
(3655, 'Liên ấp 6-2', 20),
(3656, 'Liên Khu 123', 20),
(3657, 'Liên khu 4-5', 20),
(3658, 'Liên Khu 5 - 6', 20),
(3659, 'Liên thôn 1-2-3', 20),
(3660, 'Linh Hòa', 20),
(3661, 'Lô 2', 20),
(3662, 'Lộc Hòa', 20),
(3663, 'Lương Định Của', 20),
(3664, 'Lý Ông Trọng', 20),
(3665, 'Mai Bá Hương', 20),
(3666, 'Mương Khai', 20),
(3667, 'Nguyễn Cửu Phú', 20),
(3668, 'Nguyễn Đình Kiên', 20),
(3669, 'Nguyễn Hữu Trí', 20),
(3670, 'Nguyễn Huy Chương', 20),
(3671, 'Nguyễn Khanh', 20),
(3672, 'Nguyễn Thái Bình', 20),
(3673, 'Nguyễn Thị Sưa', 20),
(3674, 'Nguyễn Thị Thập', 20),
(3675, 'Nguyễn Thị Tú', 20),
(3676, 'Nguyễn Tri Phương', 20),
(3677, 'Nguyễn Văn Bứa', 20),
(3678, 'Nguyễn Văn Cừ', 20),
(3679, 'Nguyễn Văn Linh', 20),
(3680, 'Nguyễn Văn Long', 20),
(3681, 'Nguyễn Văn Thời', 20),
(3682, 'Nữ Dân Công', 20),
(3683, 'Phạm Hùng', 20),
(3684, 'Phạm Tấn Mười', 20),
(3685, 'Phạm Văn Sáng', 20),
(3686, 'Phạm Văn Thuận', 20),
(3687, 'Phan Văn Mảng', 20),
(3688, 'Quách Điêu', 20),
(3689, 'Quốc lộ 1A', 20),
(3690, 'Quốc Lộ 50', 20),
(3691, 'Quốc lộ 80', 20),
(3692, 'Quốc lộ 8A', 20),
(3693, 'Rạch Bà Lớn', 20),
(3694, 'Rạch Bàu Gốc', 20),
(3695, 'Rạch Ông Đồ', 20),
(3696, 'Sư Đoàn 9', 20),
(3697, 'T10', 20),
(3698, 'T11', 20),
(3699, 'T12', 20),
(3700, 'T14', 20),
(3701, 'T4', 20),
(3702, 'T6', 20),
(3703, 'T9', 20),
(3704, 'Tam Bửu Tự', 20),
(3705, 'Tân Chánh Hiệp 16', 20),
(3706, 'Tân Đức', 20),
(3707, 'Tân Kiên', 20),
(3708, 'Tân Liêm', 20),
(3709, 'Tân Liễu', 20),
(3710, 'Tân Long', 20),
(3711, 'Tân Thới Hiệp 10', 20),
(3712, 'Tân Túc', 20),
(3713, 'Tây Lân', 20),
(3714, 'Thạnh Lộc 27', 20),
(3715, 'Thanh Niên', 20),
(3716, 'Thạnh Xuân 21', 20),
(3717, 'Thế Lữ', 20),
(3718, 'Thích Thiện Hòa', 20),
(3719, 'Thiên Giang', 20),
(3720, 'Thới Hòa', 20),
(3721, 'Thủy Lợi', 20),
(3722, 'Tỉnh Lộ 10', 20),
(3723, 'Tỉnh lộ 10B', 20),
(3724, 'Tỉnh lộ 6', 20),
(3725, 'Tỉnh lộ 826', 20),
(3726, 'Tỉnh lộ 835B', 20),
(3727, 'Trại Gà', 20),
(3728, 'Trần Đại Nghĩa', 20),
(3729, 'Trần Hải Phụng', 20),
(3730, 'Trần Văn Giàu', 20),
(3731, 'Trích Sài', 20),
(3732, 'Trịnh Như Khuê', 20),
(3733, 'Trịnh Quang Nghị', 20),
(3734, 'Trung Chánh 1', 20),
(3735, 'Trung Sơn', 20),
(3736, 'Trương Văn Đa', 20),
(3737, 'Vành Đai 2', 20),
(3738, 'Vành Đai 4', 20),
(3739, 'Vành Đai Trong', 20),
(3740, 'Vĩnh Lộc', 20),
(3741, 'Vĩnh Lộc A', 20),
(3742, 'Vĩnh Lộc B', 20),
(3743, 'Vĩnh Lộc H', 20),
(3744, 'Võ Hữu Lợi', 20),
(3745, 'Võ Văn Vân', 20),
(3746, 'Vườn Thơm', 20),
(3747, '23/10', 21),
(3748, '30/4', 21),
(3749, 'Đường 47', 21),
(3750, 'An Phú Đông 27', 21),
(3751, 'Bà Xán', 21),
(3752, 'Bùi Lâm', 21),
(3753, 'Cần Thạnh', 21),
(3754, 'Cửu Việt 2', 21),
(3755, 'Đặng Văn Kiều', 21),
(3756, 'Đào Cử', 21),
(3757, 'Đông Hưng Thuận 6', 21),
(3758, 'Dương Vạn Hạnh', 21),
(3759, 'Duyên Hải', 21),
(3760, 'Giống Ao', 21),
(3761, 'Hà Quang Vóc', 21),
(3762, 'Hậu Lân', 21),
(3763, 'Hiệp Thành 13', 21),
(3764, 'Khiêu Năng Tĩnh', 21),
(3765, 'Khiếu Năng Tĩnh', 21),
(3766, 'Lê Công Miễn', 21),
(3767, 'Lê Hùng Yên', 21),
(3768, 'Lê Thương', 21),
(3769, 'Lê Trọng Mân', 21),
(3770, 'Lộc Hòa', 21),
(3771, 'Lương Văn Nho', 21),
(3772, 'Lý Nhơn', 21),
(3773, 'Lý Ông Trọng', 21),
(3774, 'Mương Khai', 21),
(3775, 'Nguyễn Huy Chương', 21),
(3776, 'Nguyễn Khanh', 21),
(3777, 'Nguyễn Phan Vinh', 21),
(3778, 'Nguyễn Văn Mạnh', 21),
(3779, 'Phạm Ngọc Thạch', 21),
(3780, 'Phan Đức', 21),
(3781, 'Phan Trọng Tuệ', 21),
(3782, 'Phong Thạnh', 21),
(3783, 'Rần Chác', 21),
(3784, 'Rừng Sác', 21),
(3785, 'Tắc Xuất', 21),
(3786, 'Tam Thôn Hiệp', 21),
(3787, 'Tân Chánh Hiệp 16', 21),
(3788, 'Tân Thới Hiệp 10', 21),
(3789, 'Thạnh Lộc 27', 21),
(3790, 'Thạnh Thới', 21),
(3791, 'Thạnh Xuân 21', 21),
(3792, 'Trại Gà', 21),
(3793, 'Trần Quang Đạo', 21),
(3794, 'Trích Sài', 21),
(3795, 'Trương Tấn Sang', 21),
(3796, 'Trương Văn Đa', 21),
(3797, 'Võ Đình Tú', 21),
(3798, 'Võ Trung Thành', 21),
(3799, 'Vườn Thuốc', 21),
(3800, 'Đường 1', 22),
(3801, 'Đường 101', 22),
(3802, 'Đường 11', 22),
(3803, 'Đường 110', 22),
(3804, 'Đường 112', 22),
(3805, 'Đường 13', 22),
(3806, 'Đường 131', 22),
(3807, 'Đường 15', 22),
(3808, 'Đường 18', 22),
(3809, '19/5', 22),
(3810, 'Đường 2', 22),
(3811, 'Đường 20', 22),
(3812, 'Đường 21', 22),
(3813, 'Đường 212', 22),
(3814, 'Đường 22', 22),
(3815, 'Đường 26', 22),
(3816, 'Đường 28', 22),
(3817, 'Đường 32', 22),
(3818, 'Đường 33', 22),
(3819, 'Phố 36', 22),
(3820, 'Đường 363', 22),
(3821, 'Đường 365', 22),
(3822, 'Đường 367', 22),
(3823, 'Đường 39', 22),
(3824, 'Đường 40', 22),
(3825, 'Đường 441', 22),
(3826, 'Đường 458', 22),
(3827, 'Đường 47', 22),
(3828, 'Đường 489', 22),
(3829, 'Đường 490', 22),
(3830, 'Đường 5', 22),
(3831, 'Đường 51', 22),
(3832, 'Đường 53', 22),
(3833, 'Đường 572', 22),
(3834, 'Đường 6', 22),
(3835, 'Đường 68', 22),
(3836, 'Đường 7', 22),
(3837, 'Đường 702', 22),
(3838, 'Đường 8', 22),
(3839, 'Đường 9', 22),
(3840, 'Đường 94', 22),
(3841, 'Đường 96', 22),
(3842, 'Đường 97', 22),
(3843, 'Đường 98', 22),
(3844, 'An Hòa', 22),
(3845, 'Ba Lăng', 22),
(3846, 'Ba Sa', 22),
(3847, 'Bà Thiên', 22),
(3848, 'Bàu Giã', 22),
(3849, 'Bàu Lách', 22),
(3850, 'Bầu Trâm', 22),
(3851, 'Bến Đình', 22),
(3852, 'Bến Đò 1', 22),
(3853, 'Bến Đò 2', 22),
(3854, 'Bến Súc', 22),
(3855, 'Bến Than', 22),
(3856, 'Bình Mỹ', 22),
(3857, 'Bờ Kênh', 22),
(3858, 'Bùi Thị Điệt', 22),
(3859, 'Bùi Thị Me', 22),
(3860, 'Cá Lăng', 22),
(3861, 'Can Trường', 22),
(3862, 'Cây Bày', 22),
(3863, 'Cây Da', 22),
(3864, 'Cây Gõ', 22),
(3865, 'Cây Sộp', 22),
(3866, 'Cây Trâm', 22),
(3867, 'Cửu Việt 2', 22),
(3868, 'Đào Văn Thử', 22),
(3869, 'Đình Thôn', 22),
(3870, 'Đỗ Đăng Tuyển', 22),
(3871, 'Đỗ Đình Nhân', 22),
(3872, 'Đỗ Ngọc Du', 22),
(3873, 'Đoàn Minh Triết', 22),
(3874, 'Giáp Hải', 22),
(3875, 'Giồng Cát', 22),
(3876, 'Gót Chàng', 22),
(3877, 'Hà Duy Phiên', 22),
(3878, 'Hà Văn Lao', 22),
(3879, 'Hố Bò', 22),
(3880, 'Hồ Văn Tắng', 22),
(3881, 'Hoàng Bá Huân', 22),
(3882, 'Hoàng Đình Nghĩa', 22),
(3883, 'Hu Go', 22),
(3884, 'Hương lộ 2', 22),
(3885, 'Hương Lộ 6', 22),
(3886, 'Huyện Đức', 22),
(3887, 'Huỳnh Minh Mương', 22),
(3888, 'Huỳnh Thị Bằng', 22),
(3889, 'Huỳnh Văn Cọ', 22),
(3890, 'Kênh Đông', 22),
(3891, 'Khiêu Năng Tĩnh', 22),
(3892, 'Khiếu Năng Tĩnh', 22),
(3893, 'Kim Cương', 22),
(3894, 'Láng The', 22),
(3895, 'Lê Cẩn', 22),
(3896, 'Lê Công Miễn', 22),
(3897, 'Lê Minh Nhất', 22),
(3898, 'Lê Minh Nhựt', 22),
(3899, 'Lê Thị Siêng', 22),
(3900, 'Lê Thọ Xuân', 22),
(3901, 'Lê Vĩnh Huy', 22),
(3902, 'Liễu Bình Hưng', 22),
(3903, 'Liêu Bình Hương', 22),
(3904, 'Lưu Khai Hồng', 22),
(3905, 'Mỹ Khánh', 22),
(3906, 'Nguyễn Đại Năng', 22),
(3907, 'Nguyễn Đình Huân', 22),
(3908, 'Nguyễn Giao', 22),
(3909, 'Nguyễn Huệ', 22),
(3910, 'Nguyễn Kim Cương', 22),
(3911, 'Nguyễn Phong Sắc', 22),
(3912, 'Nguyễn Phú Trú', 22),
(3913, 'Nguyễn Thị Lắng', 22),
(3914, 'Nguyễn Thị Lừa', 22),
(3915, 'Nguyễn Thị Nê', 22),
(3916, 'Nguyễn Thị Rành', 22),
(3917, 'Nguyễn Thị Rư', 22),
(3918, 'Nguyễn Thị Triệu', 22),
(3919, 'Nguyễn Văn Hoài', 22),
(3920, 'Nguyễn Văn Khạ', 22),
(3921, 'Nguyễn Văn Nì', 22),
(3922, 'Nguyễn Văn On', 22),
(3923, 'Nguyễn Văn Tỷ', 22),
(3924, 'Nguyễn Văn Xơ', 22),
(3925, 'Nguyễn Viết Xuân', 22),
(3926, 'Nhữ Tiến Hiến', 22),
(3927, 'Ninh Tốn', 22),
(3928, 'Ông Ích Đường', 22),
(3929, 'Ông Năm Đèn', 22),
(3930, 'Ông Tư Rõ', 22),
(3931, 'Phạm Hữu Tâm', 22),
(3932, 'Phạm Ngọc Thạch', 22),
(3933, 'Phạm Phú Tiết', 22),
(3934, 'Phạm Văn Chèo', 22),
(3935, 'Phan Thị Hối', 22),
(3936, 'Quốc Lộ 22', 22),
(3937, 'Sông Lu', 22),
(3938, 'Suối Lội', 22),
(3939, 'Tân Bình', 22),
(3940, 'Tỉnh lộ 15', 22),
(3941, 'Tỉnh lộ 15B', 22),
(3942, 'Tỉnh lộ 181', 22),
(3943, 'Tỉnh Lộ 2', 22),
(3944, 'Tỉnh lộ 6', 22),
(3945, 'Tỉnh Lộ 7', 22),
(3946, 'Tỉnh lộ 8', 22),
(3947, 'Tỉnh lộ 9', 22),
(3948, 'Trần Thị Ngần', 22),
(3949, 'Trần Tử Bình', 22),
(3950, 'Trần Văn Chẩm', 22),
(3951, 'Trung An', 22),
(3952, 'Trung Lập', 22),
(3953, 'Trung Viết', 22),
(3954, 'Trương Tấn Sang', 22),
(3955, 'Vành Đai 4', 22),
(3956, 'Võ Đình Tú', 22),
(3957, 'Võ Thị Hồng', 22),
(3958, 'Võ Trung Thành', 22),
(3959, 'Võ Văn Bích', 22),
(3960, 'Võ Văn Điều', 22),
(3961, 'Vũ Duy Chí', 22),
(3962, 'Vũ Tụ', 22),
(3963, 'Vườn Thuốc', 22),
(3964, 'Xuyên Á', 22),
(3965, 'Đường 1', 23),
(3966, 'Đường 10', 23),
(3967, 'Đường 12', 23),
(3968, 'Đường 2', 23),
(3969, '2/9', 23),
(3970, 'Đường 22', 23),
(3971, 'Đường 29', 23),
(3972, 'Đường 3', 23),
(3973, 'Đường 5', 23),
(3974, 'Đường 6', 23),
(3975, 'Đường 60', 23),
(3976, 'Đường 7', 23),
(3977, 'Đường 719', 23),
(3978, 'Đường 8', 23),
(3979, '80B', 23),
(3980, 'An Hạ', 23),
(3981, 'An Sương', 23),
(3982, 'Ấp Chánh 16', 23),
(3983, 'Ấp Đình 4', 23),
(3984, 'B5', 23),
(3985, 'Bà Điểm', 23),
(3986, 'Bà Điểm 10', 23),
(3987, 'Bà Điểm 11', 23),
(3988, 'Bà Điềm 12', 23),
(3989, 'Bà Điểm 2', 23),
(3990, 'Bà Điểm 3', 23),
(3991, 'Bà Điểm 4', 23),
(3992, 'Bà Điểm 5', 23),
(3993, 'Bà Điểm 6', 23),
(3994, 'Bà Điểm 7', 23),
(3995, 'Bà Điểm 8', 23),
(3996, 'Bà Điểm 9', 23),
(3997, 'Bà Triệu', 23),
(3998, 'Bùi Công Trừng', 23),
(3999, 'Bùi Văn Ngữ', 23),
(4000, 'C3', 23),
(4001, 'D11', 23),
(4002, 'D3', 23),
(4003, 'Dân Thắng 1', 23),
(4004, 'Đặng Công Bỉnh', 23),
(4005, 'Đặng Quốc Vĩnh', 23),
(4006, 'Đặng Thúc Vịnh', 23),
(4007, 'DK4', 23),
(4008, 'Đỗ Văn Dậy', 23),
(4009, 'Đông Lân', 23),
(4010, 'Đông Lân 1', 23),
(4011, 'Đồng Tâm', 23),
(4012, 'Đông Thạnh 1', 23),
(4013, 'Đông Thạnh 2', 23),
(4014, 'Đông Thạnh 2-5', 23),
(4015, 'Đông Thạnh 2-7', 23),
(4016, 'Đông Thạnh 3', 23),
(4017, 'Đông Thạnh 3-4', 23),
(4018, 'Đông Thạnh 3-4A', 23),
(4019, 'Đông Thạnh 4', 23),
(4020, 'Đông Thạnh 4-2', 23),
(4021, 'Đông Thạnh 5', 23),
(4022, 'Đông Thạnh 6', 23),
(4023, 'Đông Thạnh 8', 23),
(4024, 'ĐT 7-5', 23),
(4025, 'Dương Công Khi', 23),
(4026, 'Dương Khả Trạc', 23),
(4027, 'Giác Đạo', 23),
(4028, 'Gò Hưu', 23),
(4029, 'Hàn Quốc', 23),
(4030, 'Hậu Lân', 23),
(4031, 'Hiệp Thành 13', 23),
(4032, 'Hòa An 8', 23),
(4033, 'Hoàng Gia', 23),
(4034, 'Hưng Lân 6', 23),
(4035, 'Hương lộ 60', 23),
(4036, 'Hương lộ 60B', 23),
(4037, 'Hương Lộ 65', 23),
(4038, 'Hương Lộ 80B', 23),
(4039, 'K3', 23),
(4040, 'KT 11', 23),
(4041, 'Lê Hoàn', 23),
(4042, 'Lê Lai', 23),
(4043, 'Lê Lợi', 23),
(4044, 'Lê Thị Hà', 23),
(4045, 'Lê Thị Hà Tân Xuân', 23),
(4046, 'Lê Thị Hồng Gấm', 23),
(4047, 'Lê Văn Khương', 23),
(4048, 'Liên Ấp 2-6-7', 23),
(4049, 'Liên Xã', 23),
(4050, 'Lý Nam Đế', 23),
(4051, 'Lý Ông Trọng', 23),
(4052, 'Lý Thường Kiệt', 23),
(4053, 'Mỹ Hòa', 23),
(4054, 'Mỹ Hòa 1', 23),
(4055, 'Mỹ Hoà 2', 23),
(4056, 'Mỹ Hoà 3', 23),
(4057, 'Mỹ Huề', 23),
(4058, 'Nam Kinh', 23),
(4059, 'Nam Lân', 23),
(4060, 'Nam Lân 4', 23),
(4061, 'Nam Lân 5', 23),
(4062, 'Nam Thới', 23),
(4063, 'Nam Thới 1', 23),
(4064, 'Nam Thới 2', 23),
(4065, 'Ngô Quyền', 23),
(4066, 'Nguyễn Ảnh Thủ', 23),
(4067, 'Nguyễn Công Trung', 23),
(4068, 'Nguyễn Hữu Tuệ', 23),
(4069, 'Nguyễn Khanh', 23),
(4070, 'Nguyễn Ngọc Sanh', 23),
(4071, 'Nguyễn Thị Hạnh', 23),
(4072, 'Nguyễn Thị Lụa', 23),
(4073, 'Nguyễn Thị Sóc', 23),
(4074, 'Nguyễn Thị Thử', 23),
(4075, 'Nguyễn Văn Bứa', 23),
(4076, 'Nhị Bình', 23),
(4077, 'Nhị Bình 10A', 23),
(4078, 'Nhị Bình 11', 23),
(4079, 'Nhị Bình 15', 23),
(4080, 'Nhị Bình 16', 23),
(4081, 'Nhị Bình 17', 23),
(4082, 'Nhị Bình 18', 23),
(4083, 'Nhị Bình 20A', 23),
(4084, 'Nhị Bình 6', 23),
(4085, 'Nhị Bình 7', 23),
(4086, 'Nhị Bình 9', 23),
(4087, 'Nhị Bình 9A', 23),
(4088, 'Nhị Tân 1', 23),
(4089, 'Phạm Văn Sáng', 23),
(4090, 'Phan Công Hớn', 23),
(4091, 'Phần Lăng 8', 23),
(4092, 'Phan Văn Đối', 23),
(4093, 'Phan Văn Hớn', 23),
(4094, 'Quách Điêu', 23),
(4095, 'Quang Trung', 23),
(4096, 'Quốc lộ 1A', 23),
(4097, 'Quốc Lộ 22', 23),
(4098, 'Quốc lộ 22A', 23),
(4099, 'Quốc lộ 22B', 23),
(4100, 'Rỗng Bàng', 23),
(4101, 'Song Hành', 23),
(4102, 'T2', 23),
(4103, 'T4', 23),
(4104, 'Tam Đông', 23),
(4105, 'Tam Đông 11A', 23),
(4106, 'Tam Đông 15', 23),
(4107, 'Tam Đông 25', 23),
(4108, 'Tam Đông 28', 23),
(4109, 'Tam Đông 3', 23),
(4110, 'Tân Chánh Hiệp 16', 23),
(4111, 'Tân Hiệp 11', 23),
(4112, 'Tân Hiệp 12', 23),
(4113, 'Tân Hiệp 14', 23),
(4114, 'Tân Hiệp 16', 23),
(4115, 'Tân Hiệp 17', 23),
(4116, 'Tân Hiệp 18', 23),
(4117, 'Tân Hiệp 18A', 23),
(4118, 'Tân Hiệp 2', 23),
(4119, 'Tân Hiệp 3', 23),
(4120, 'Tân Hiệp 30', 23),
(4121, 'Tân Hiệp 31', 23),
(4122, 'Tân Hiệp 32', 23),
(4123, 'Tân Hiệp 34', 23),
(4124, 'Tân Hiệp 35', 23),
(4125, 'Tân Hiệp 37', 23),
(4126, 'Tân Hiệp 39', 23),
(4127, 'Tân Hiệp 4', 23),
(4128, 'Tân Hiệp 40', 23),
(4129, 'Tân Hiệp 44', 23),
(4130, 'Tân Hiệp 46', 23),
(4131, 'Tân Hiệp 5', 23),
(4132, 'Tân Hiệp 8', 23),
(4133, 'Tân Kiểng', 23),
(4134, 'Tân Sơn 1', 23),
(4135, 'Tân Sơn 5', 23),
(4136, 'Tân Thới 1', 23),
(4137, 'Tân Thới 2', 23),
(4138, 'Tân Thới 3', 23),
(4139, 'Tân Thới Hiệp 1', 23),
(4140, 'Tân Thới Nhì', 23),
(4141, 'Tân Thới Nhì 1', 23),
(4142, 'Tân Thới Nhì 33', 23),
(4143, 'Tân Xuân', 23),
(4144, 'Tân Xuân 1', 23),
(4145, 'Tân Xuân 13', 23),
(4146, 'Tân Xuân 2', 23),
(4147, 'Tân Xuân 3', 23),
(4148, 'Tân Xuân 4', 23),
(4149, 'Tân Xuân 5', 23),
(4150, 'Tân Xuân 6', 23),
(4151, 'Tân Xuân 7', 23),
(4152, 'Tây Hào', 23),
(4153, 'Tây Lân', 23),
(4154, 'Thạnh Lộc 27', 23),
(4155, 'Thanh Niên', 23),
(4156, 'Thảo Nhi', 23),
(4157, 'Thị Trấn Tân Hiệp', 23),
(4158, 'Thới Tam Thôn', 23),
(4159, 'Thới Tam Thôn 1', 23),
(4160, 'Thới Tam Thôn 10', 23),
(4161, 'Thới Tam Thôn 12', 23),
(4162, 'Thới Tam Thôn 13', 23),
(4163, 'Thới Tam Thôn 14', 23),
(4164, 'Thới Tam Thôn 15', 23),
(4165, 'Thới Tam Thôn 16', 23),
(4166, 'Thới Tam Thôn 18', 23),
(4167, 'Thới Tam Thôn 4', 23),
(4168, 'Thới Tam Thôn 5', 23),
(4169, 'Thới Tam Thôn 6', 23),
(4170, 'Thới Tam Thôn 7', 23),
(4171, 'Thới Tam Thôn 8', 23),
(4172, 'Thới Tây Tân Hiệp', 23),
(4173, 'Thới Tứ', 23),
(4174, 'Thống Nhất 1', 23),
(4175, 'Thống Nhất 2', 23),
(4176, 'Thương Mại 1', 23),
(4177, 'Tiền Lân', 23),
(4178, 'Tiền Lân 15', 23),
(4179, 'Tỉnh Lộ 10', 23),
(4180, 'Tỉnh lộ 824', 23),
(4181, 'Tỉnh lộ 9', 23),
(4182, 'TK11', 23),
(4183, 'TK4', 23),
(4184, 'Tô Châu', 23),
(4185, 'Tô Ký', 23),
(4186, 'Tô Ký 12', 23),
(4187, 'Trại Gà', 23),
(4188, 'Trần Anh', 23),
(4189, 'Trần Bình Trọng', 23),
(4190, 'Trần Khắc Chân', 23),
(4191, 'Trần Lãm', 23),
(4192, 'Trần Văn Mười', 23),
(4193, 'Trịnh Thị Đối', 23),
(4194, 'Trịnh Thị Miễn', 23),
(4195, 'Trịnh Thị Miếng', 23),
(4196, 'Trung Chánh 1', 23),
(4197, 'Trung Chánh 2', 23),
(4198, 'Trung Đông', 23),
(4199, 'Trung Mỹ', 23),
(4200, 'Trưng Nữ Vương', 23),
(4201, 'Vành Đai 4', 23),
(4202, 'Võ Thị Hồi', 23),
(4203, 'Xuân Hòa 2', 23),
(4204, 'Xuân Thái 2', 23),
(4205, 'Xuân Thới', 23),
(4206, 'Xuân Thới 14', 23),
(4207, 'Xuân Thới 15', 23),
(4208, 'Xuân Thới 18', 23),
(4209, 'Xuân Thới 2', 23),
(4210, 'Xuân Thới 23', 23),
(4211, 'Xuân Thới 3', 23),
(4212, 'Xuân Thới 4', 23),
(4213, 'Xuân Thới 7', 23),
(4214, 'Xuân Thới Đông 2', 23),
(4215, 'Xuân Thới Đông 3', 23),
(4216, 'Xuân Thới Đông 7', 23),
(4217, 'Xuân Thới Sơn', 23),
(4218, 'Xuân Thới Sơn 12', 23),
(4219, 'Xuân Thới Sơn 13', 23),
(4220, 'Xuân Thới Sơn 16', 23),
(4221, 'Xuân Thới Sơn 16B', 23),
(4222, 'Xuân Thới Sơn 17', 23),
(4223, 'Xuân Thới Sơn 18', 23),
(4224, 'Xuân Thới Sơn 19', 23),
(4225, 'Xuân Thới Sơn 2', 23),
(4226, 'Xuân Thới Sơn 20', 23),
(4227, 'Xuân Thới Sơn 22', 23),
(4228, 'Xuân Thới Sơn 3', 23),
(4229, 'Xuân Thới Sơn 4', 23),
(4230, 'Xuân Thới Sơn 6', 23),
(4231, 'Xuân Thới Sơn 9', 23),
(4232, 'Xuân Thới Sơn C', 23),
(4233, 'Xuân Thới Thượng', 23),
(4234, 'Xuân Thới Thượng 12', 23),
(4235, 'Xuân Thới Thượng 13', 23),
(4236, 'Xuân Thới Thượng 14', 23),
(4237, 'Xuân Thới Thượng 16', 23),
(4238, 'Xuân Thới Thượng 17', 23),
(4239, 'Xuân Thới Thượng 19', 23),
(4240, 'Xuân Thới Thượng 2', 23),
(4241, 'Xuân Thới Thượng 20', 23),
(4242, 'Xuân Thới Thượng 21', 23),
(4243, 'Xuân Thới Thượng 22', 23),
(4244, 'Xuân Thới Thượng 25', 23),
(4245, 'Xuân Thới Thượng 27', 23),
(4246, 'Xuân Thới Thượng 28', 23),
(4247, 'Xuân Thới Thượng 30', 23),
(4248, 'Xuân Thới Thượng 31', 23),
(4249, 'Xuân Thới Thượng 31-4', 23),
(4250, 'Xuân Thới Thượng 32', 23);
INSERT INTO `street` (`id`, `name`, `district_id`) VALUES
(4251, 'Xuân Thới Thượng 4', 23),
(4252, 'Xuân Thới Thượng 5', 23),
(4253, 'Xuân Thới Thượng 53', 23),
(4254, 'Xuân Thới Thượng 58C', 23),
(4255, 'Xuân Thới Thượng 59', 23),
(4256, 'Xuân Thới Thượng 6', 23),
(4257, 'Xuân Thới Thượng 64', 23),
(4258, 'Xuân Thới Thượng 7', 23),
(4259, 'Xuân Thới Thượng 73', 23),
(4260, 'Xuân Thới Thượng 84', 23),
(4261, 'Xuân Thới Thượng 87', 23),
(4262, 'Xuân Thới Thượng 9', 23),
(4263, 'Xuyên Á', 23),
(4264, 'Bác Ba Niệm', 24),
(4265, 'Bờ Tây', 24),
(4266, 'Đặng Nhữ Lâm', 24),
(4267, 'Đào Sư Tích', 24),
(4268, 'Đào Tông Nguyên', 24),
(4269, 'Đông Du', 24),
(4270, 'Đường 12', 24),
(4271, 'Đường 16', 24),
(4272, 'Đường 18', 24),
(4273, 'Đường 2', 24),
(4274, 'Đường 23', 24),
(4275, 'Đường 25', 24),
(4276, 'Đường 5', 24),
(4277, 'Đường 9', 24),
(4278, 'Dương Cát Lợi', 24),
(4279, 'Gia Binh', 24),
(4280, 'Hương lộ 39', 24),
(4281, 'Huỳnh Tấn Phát', 24),
(4282, 'Lê Lợi', 24),
(4283, 'Lê Văn Lương', 24),
(4284, 'Long Thới', 24),
(4285, 'Mười Cung', 24),
(4286, 'Nguyễn Bình', 24),
(4287, 'Nguyễn Hữu Thọ', 24),
(4288, 'Nguyễn Lương Bằng', 24),
(4289, 'Nguyễn Tri Phương', 24),
(4290, 'Nguyễn Văn Tạo', 24),
(4291, 'Nhà Bè', 24),
(4292, 'Phạm Hùng', 24),
(4293, 'Phạm Hữu Lầu', 24),
(4294, 'Phan Văn Bảy', 24),
(4295, 'Phước Lộc', 24),
(4296, 'Tân Kiểng', 24),
(4297, 'Võ Tiên Sư', 24),
(4298, 'Xương Cá', 24),
(4299, 'Xương Cá 1', 24),
(4300, 'Xương Cá 2', 24);

-- --------------------------------------------------------

--
-- Table structure for table `type_of_house`
--

CREATE TABLE `type_of_house` (
  `id` int(1) NOT NULL,
  `name` varchar(30) CHARACTER SET utf8 COLLATE utf8_vietnamese_ci NOT NULL,
  `type` char(4) NOT NULL
) ENGINE=InnoDB DEFAULT CHARSET=latin1;

--
-- Dumping data for table `type_of_house`
--

INSERT INTO `type_of_house` (`id`, `name`, `type`) VALUES
(1, 'Cho thuê căn hộ chung cư', 'rent'),
(2, 'Cho thuê nhà riêng', 'rent'),
(3, 'Cho thuê nhà mặt phố', 'rent'),
(4, 'Cho thuê văn phòng', 'rent'),
(5, 'Cho thuê phòng trọ', 'rent'),
(6, 'Cho thuê cửa hàng', 'rent'),
(7, 'Cho thuê kho, nhà xưởng, đất', 'rent'),
(8, 'Cho thuê bất động sản khác', 'rent'),
(9, 'Bán căn hộ chung cư', 'sell'),
(10, 'Bán nhà riêng', 'sell'),
(11, 'Bán nhà mặt phố', 'sell'),
(12, 'Bán kho, nhà xưởng, đất', 'sell'),
(13, 'Bán bất động sản khác', 'sell');

-- --------------------------------------------------------

--
-- Table structure for table `user`
--

CREATE TABLE `user` (
  `id` int(11) NOT NULL,
  `first_name` varchar(20) CHARACTER SET utf8 COLLATE utf8_vietnamese_ci NOT NULL,
  `last_name` varchar(20) CHARACTER SET utf8 COLLATE utf8_vietnamese_ci NOT NULL,
  `email` varchar(50) CHARACTER SET ascii NOT NULL,
  `password` char(32) NOT NULL,
  `telephone_number` varchar(12) CHARACTER SET ascii DEFAULT NULL,
  `mobile_number` varchar(12) CHARACTER SET ascii DEFAULT NULL,
  `role` char(5) NOT NULL DEFAULT 'guest',
  `avatar_id` int(11) DEFAULT NULL
) ENGINE=InnoDB DEFAULT CHARSET=latin1;

--
-- Dumping data for table `user`
--

INSERT INTO `user` (`id`, `first_name`, `last_name`, `email`, `password`, `telephone_number`, `mobile_number`, `role`, `avatar_id`) VALUES
(1, 'Lâm', 'Lại', 'lam@bk.com', '2f765f363d82bb933634d96dae26b83d', NULL, NULL, 'admin', NULL),
(2, 'Dương', 'Trần', 'duong@bk.com', 'd1bf9a3a272b0b1cf15783cabaf29211', NULL, NULL, 'admin', NULL),
(3, 'Minh', 'Ngô', 'minh@bk.com', '8bfe98edf23dae257637df7792125500', NULL, NULL, 'admin', NULL),
(4, 'Trân', 'Phạm', 'tran@bk.com', 'a87d8de39c1a156e00c438b42dd6bb28', NULL, NULL, 'admin', NULL),
(5, 'Lâm', 'Minh', 'minhlam@bk.com', 'd4dd2af04afe267a129ee6a6462b0426', NULL, NULL, 'guest', NULL),
(13, 'Trân', 'Bảo', 'baotran@bk.com', 'ab1c0fc125a9ceb3021d5f3987128fcf', NULL, NULL, 'guest', NULL),
(17, 'Dương', 'Lập', 'lapduong@bk.com', '4208a3d34b31ad5164ca90b1a9923cbd', NULL, NULL, 'guest', NULL);

-- --------------------------------------------------------

--
-- Table structure for table `ward`
--

CREATE TABLE `ward` (
  `id` int(3) NOT NULL,
  `name` varchar(30) CHARACTER SET utf8 COLLATE utf8_vietnamese_ci NOT NULL,
  `district_id` int(2) NOT NULL
) ENGINE=InnoDB DEFAULT CHARSET=latin1;

--
-- Dumping data for table `ward`
--

INSERT INTO `ward` (`id`, `name`, `district_id`) VALUES
(1, 'Bến Nghé', 1),
(2, 'Bến Thành', 1),
(3, 'Cầu Kho', 1),
(4, 'Cầu Ông Lãnh', 1),
(5, 'Cô Giang', 1),
(6, 'Đa Kao', 1),
(7, 'Nguyễn Cư Trinh', 1),
(8, 'Nguyễn Thái Bình', 1),
(9, 'Phạm Ngũ Lão', 1),
(10, 'Tân Định', 1),
(11, 'Thạnh Mỹ Lợi', 2),
(12, 'An Khánh', 2),
(13, 'An Lợi Đông', 2),
(14, 'An Phú', 2),
(15, 'Bình An', 2),
(16, 'Bình Khánh', 2),
(17, 'Bình Trưng Đông', 2),
(18, 'Bình Trưng Tây', 2),
(19, 'Cát Lái', 2),
(20, 'Thảo Điền', 2),
(21, 'Thủ Thiêm', 2),
(22, 'Phường 1', 3),
(23, 'Phường 10', 3),
(24, 'Phường 11', 3),
(25, 'Phường 12', 3),
(26, 'Phường 13', 3),
(27, 'Phường 14', 3),
(28, 'Phường 2', 3),
(29, 'Phường 3', 3),
(30, 'Phường 4', 3),
(31, 'Phường 5', 3),
(32, 'Phường 6', 3),
(33, 'Phường 7', 3),
(34, 'Phường 8', 3),
(35, 'Phường 9', 3),
(36, 'Phường 1', 4),
(37, 'Phường 10', 4),
(38, 'Phường 12', 4),
(39, 'Phường 13', 4),
(40, 'Phường 14', 4),
(41, 'Phường 15', 4),
(42, 'Phường 16', 4),
(43, 'Phường 18', 4),
(44, 'Phường 2', 4),
(45, 'Phường 3', 4),
(46, 'Phường 4', 4),
(47, 'Phường 5', 4),
(48, 'Phường 6', 4),
(49, 'Phường 8', 4),
(50, 'Phường 9', 4),
(51, 'Phường 1', 5),
(52, 'Phường 10', 5),
(53, 'Phường 11', 5),
(54, 'Phường 12', 5),
(55, 'Phường 13', 5),
(56, 'Phường 14', 5),
(57, 'Phường 15', 5),
(58, 'Phường 2', 5),
(59, 'Phường 3', 5),
(60, 'Phường 4', 5),
(61, 'Phường 5', 5),
(62, 'Phường 6', 5),
(63, 'Phường 7', 5),
(64, 'Phường 8', 5),
(65, 'Phường 9', 5),
(66, 'Phường 1', 6),
(67, 'Phường 10', 6),
(68, 'Phường 11', 6),
(69, 'Phường 12', 6),
(70, 'Phường 13', 6),
(71, 'Phường 14', 6),
(72, 'Phường 2', 6),
(73, 'Phường 3', 6),
(74, 'Phường 4', 6),
(75, 'Phường 5', 6),
(76, 'Phường 6', 6),
(77, 'Phường 7', 6),
(78, 'Phường 8', 6),
(79, 'Phường 9', 6),
(80, 'Bình Thuận', 7),
(81, 'Phú Mỹ', 7),
(82, 'Phú Thuận', 7),
(83, 'Tân Hưng', 7),
(84, 'Tân Kiểng', 7),
(85, 'Tân Phong', 7),
(86, 'Tân Phú', 7),
(87, 'Tân Quy', 7),
(88, 'Tân Thuận Đông', 7),
(89, 'Tân Thuận Tây', 7),
(90, 'Phường 1', 8),
(91, 'Phường 10', 8),
(92, 'Phường 11', 8),
(93, 'Phường 12', 8),
(94, 'Phường 13', 8),
(95, 'Phường 14', 8),
(96, 'Phường 15', 8),
(97, 'Phường 16', 8),
(98, 'Phường 2', 8),
(99, 'Phường 3', 8),
(100, 'Phường 4', 8),
(101, 'Phường 5', 8),
(102, 'Phường 6', 8),
(103, 'Phường 7', 8),
(104, 'Phường 8', 8),
(105, 'Phường 9', 8),
(106, 'Hiệp Phú', 9),
(107, 'Long Bình', 9),
(108, 'Long Phước', 9),
(109, 'Long Thạnh Mỹ', 9),
(110, 'Long Trường', 9),
(111, 'Phú Hữu', 9),
(112, 'Phước Bình', 9),
(113, 'Phước Long A', 9),
(114, 'Phước Long B', 9),
(115, 'Tân Phú', 9),
(116, 'Tăng Nhơn Phú A', 9),
(117, 'Tăng Nhơn Phú B', 9),
(118, 'Trường Thạnh', 9),
(119, 'Phường 1', 10),
(120, 'Phường 10', 10),
(121, 'Phường 11', 10),
(122, 'Phường 12', 10),
(123, 'Phường 13', 10),
(124, 'Phường 14', 10),
(125, 'Phường 15', 10),
(126, 'Phường 2', 10),
(127, 'Phường 3', 10),
(128, 'Phường 4', 10),
(129, 'Phường 5', 10),
(130, 'Phường 6', 10),
(131, 'Phường 7', 10),
(132, 'Phường 8', 10),
(133, 'Phường 9', 10),
(134, 'Phường 1', 11),
(135, 'Phường 10', 11),
(136, 'Phường 11', 11),
(137, 'Phường 12', 11),
(138, 'Phường 13', 11),
(139, 'Phường 14', 11),
(140, 'Phường 15', 11),
(141, 'Phường 16', 11),
(142, 'Phường 2', 11),
(143, 'Phường 3', 11),
(144, 'Phường 4', 11),
(145, 'Phường 5', 11),
(146, 'Phường 6', 11),
(147, 'Phường 7', 11),
(148, 'Phường 8', 11),
(149, 'Phường 9', 11),
(150, 'An Phú Đông', 12),
(151, 'Đông Hưng Thuận', 12),
(152, 'Hiệp Thành', 12),
(153, 'Tân Chánh Hiệp', 12),
(154, 'Tân Hưng Thuận', 12),
(155, 'Tân Thới Hiệp', 12),
(156, 'Tân Thới Nhất', 12),
(157, 'Thạnh Lộc', 12),
(158, 'Thạnh Xuân', 12),
(159, 'Thới An', 12),
(160, 'Trung Mỹ Tây', 12),
(161, 'An Lạc', 13),
(162, 'An Lạc A', 13),
(163, 'Bình Hưng Hòa', 13),
(164, 'Bình Hưng Hòa A', 13),
(165, 'Bình Hưng Hòa B', 13),
(166, 'Bình Trị Đông', 13),
(167, 'Bình Trị Đông A', 13),
(168, 'Bình Trị Đông B', 13),
(169, 'Tân Tạo', 13),
(170, 'Tân Tạo A', 13),
(171, 'Phường 1', 14),
(172, 'Phường 11', 14),
(173, 'Phường 12', 14),
(174, 'Phường 13', 14),
(175, 'Phường 14', 14),
(176, 'Phường 15', 14),
(177, 'Phường 17', 14),
(178, 'Phường 19', 14),
(179, 'Phường 2', 14),
(180, 'Phường 21', 14),
(181, 'Phường 22', 14),
(182, 'Phường 24', 14),
(183, 'Phường 25', 14),
(184, 'Phường 26', 14),
(185, 'Phường 27', 14),
(186, 'Phường 28', 14),
(187, 'Phường 3', 14),
(188, 'Phường 5', 14),
(189, 'Phường 6', 14),
(190, 'Phường 7', 14),
(191, 'Phường 1', 15),
(192, 'Phường 10', 15),
(193, 'Phường 11', 15),
(194, 'Phường 12', 15),
(195, 'Phường 13', 15),
(196, 'Phường 14', 15),
(197, 'Phường 15', 15),
(198, 'Phường 16', 15),
(199, 'Phường 17', 15),
(200, 'Phường 3', 15),
(201, 'Phường 4', 15),
(202, 'Phường 5', 15),
(203, 'Phường 6', 15),
(204, 'Phường 7', 15),
(205, 'Phường 8', 15),
(206, 'Phường 9', 15),
(207, 'Phường 1', 16),
(208, 'Phường 10', 16),
(209, 'Phường 11', 16),
(210, 'Phường 12', 16),
(211, 'Phường 13', 16),
(212, 'Phường 14', 16),
(213, 'Phường 15', 16),
(214, 'Phường 17', 16),
(215, 'Phường 2', 16),
(216, 'Phường 25', 16),
(217, 'Phường 3', 16),
(218, 'Phường 4', 16),
(219, 'Phường 5', 16),
(220, 'Phường 6', 16),
(221, 'Phường 7', 16),
(222, 'Phường 8', 16),
(223, 'Phường 9', 16),
(224, 'Phường 1', 17),
(225, 'Phường 10', 17),
(226, 'Phường 11', 17),
(227, 'Phường 12', 17),
(228, 'Phường 13', 17),
(229, 'Phường 14', 17),
(230, 'Phường 15', 17),
(231, 'Phường 2', 17),
(232, 'Phường 3', 17),
(233, 'Phường 4', 17),
(234, 'Phường 5', 17),
(235, 'Phường 6', 17),
(236, 'Phường 7', 17),
(237, 'Phường 8', 17),
(238, 'Phường 9', 17),
(239, 'Hiệp Tân', 18),
(240, 'Hòa Thạnh', 18),
(241, 'Phú Thạnh', 18),
(242, 'Phú Thọ Hòa', 18),
(243, 'Phú Trung', 18),
(244, 'Sơn Kỳ', 18),
(245, 'Tân Quý', 18),
(246, 'Tân Sơn Nhì', 18),
(247, 'Tân Thành', 18),
(248, 'Tân Thới Hòa', 18),
(249, 'Tây Thạnh', 18),
(250, 'Bình Chiểu', 19),
(251, 'Bình Thọ', 19),
(252, 'Hiệp Bình Chánh', 19),
(253, 'Hiệp Bình Phước', 19),
(254, 'Linh Chiểu', 19),
(255, 'Linh Đông', 19),
(256, 'Linh Tây', 19),
(257, 'Linh Trung', 19),
(258, 'Linh Xuân', 19),
(259, 'Tam Bình', 19),
(260, 'Tam Phú', 19),
(261, 'Trường Thọ', 19),
(262, 'An Phú Tây', 20),
(263, 'Bình Chánh', 20),
(264, 'Bình Hưng', 20),
(265, 'Bình Lợi', 20),
(266, 'Đa Phước', 20),
(267, 'Hưng Long', 20),
(268, 'Lê Minh Xuân', 20),
(269, 'Phạm Văn Hai', 20),
(270, 'Phong Phú', 20),
(271, 'Quy Đức', 20),
(272, 'Tân Kiên', 20),
(273, 'Tân Nhựt', 20),
(274, 'Tân Quý Tây', 20),
(275, 'Tân Túc', 20),
(276, 'Vĩnh Lộc A', 20),
(277, 'Vĩnh Lộc B', 20),
(278, 'An Thới Đông', 21),
(279, 'Bình Khánh', 21),
(280, 'Cần Thạnh', 21),
(281, 'Long Hòa', 21),
(282, 'Lý Nhơn', 21),
(283, 'Tam Thôn Hiệp', 21),
(284, 'Thạnh An', 21),
(285, 'An Nhơn Tây', 22),
(286, 'An Phú', 22),
(287, 'An Phú Trung', 22),
(288, 'Bình Mỹ', 22),
(289, 'Củ Chi', 22),
(290, 'Hòa Phú', 22),
(291, 'Nhuận Đức', 22),
(292, 'Phạm Văn Cội', 22),
(293, 'Phú Hòa Đông', 22),
(294, 'Phú Mỹ Hưng', 22),
(295, 'Phước Hiệp', 22),
(296, 'Phước Thạnh', 22),
(297, 'Phước Vĩnh An', 22),
(298, 'Tân An Hội', 22),
(299, 'Tân Phú Trung', 22),
(300, 'Tân Thạnh Đông', 22),
(301, 'Tân Thạnh Tây', 22),
(302, 'Tân Thông Hội', 22),
(303, 'Thái Mỹ', 22),
(304, 'Trung An', 22),
(305, 'Trung Lập Hạ', 22),
(306, 'Trung Lập Hạ', 22),
(307, 'Trung Lập Thượng', 22),
(308, 'Đông Thạnh', 23),
(309, 'Hóc Môn', 23),
(310, 'Bà Điểm', 23),
(311, 'Nhị Bình', 23),
(312, 'Tân Hiệp', 23),
(313, 'Tân Thới Nhì', 23),
(314, 'Tân Xuân', 23),
(315, 'Thới Tam Thôn', 23),
(316, 'Trung Chánh', 23),
(317, 'Xuân Thới Đông', 23),
(318, 'Xuân Thới Sơn', 23),
(319, 'Xuân Thới Thượng', 23),
(320, 'Hiệp Phước', 24),
(321, 'Long Thới', 24),
(322, 'Nhà Bè', 24),
(323, 'Nhơn Đức', 24),
(324, 'Phú Xuân', 24),
(325, 'Phước Kiển', 24),
(326, 'Phước Lộc', 24);

--
-- Indexes for dumped tables
--

--
-- Indexes for table `district`
--
ALTER TABLE `district`
  ADD PRIMARY KEY (`id`);

--
-- Indexes for table `gallery`
--
ALTER TABLE `gallery`
  ADD PRIMARY KEY (`id`),
  ADD UNIQUE KEY `name` (`name`);

--
-- Indexes for table `house`
--
ALTER TABLE `house`
  ADD PRIMARY KEY (`id`),
  ADD KEY `type_of_house_id` (`type_of_house_id`),
  ADD KEY `location_id` (`location_id`),
  ADD KEY `picture_1` (`picture1_id`),
  ADD KEY `picture_2` (`picture2_id`),
  ADD KEY `user_id` (`user_id`) USING BTREE;

--
-- Indexes for table `location`
--
ALTER TABLE `location`
  ADD PRIMARY KEY (`id`),
  ADD KEY `street_id` (`street_id`),
  ADD KEY `district_id` (`district_id`),
  ADD KEY `ward_id` (`ward_id`);

--
-- Indexes for table `project`
--
ALTER TABLE `project`
  ADD PRIMARY KEY (`id`),
  ADD KEY `district_id` (`district_id`);

--
-- Indexes for table `street`
--
ALTER TABLE `street`
  ADD PRIMARY KEY (`id`),
  ADD KEY `district_id` (`district_id`);

--
-- Indexes for table `type_of_house`
--
ALTER TABLE `type_of_house`
  ADD PRIMARY KEY (`id`);

--
-- Indexes for table `user`
--
ALTER TABLE `user`
  ADD PRIMARY KEY (`id`),
  ADD UNIQUE KEY `email` (`email`),
  ADD KEY `avatar` (`avatar_id`);

--
-- Indexes for table `ward`
--
ALTER TABLE `ward`
  ADD PRIMARY KEY (`id`),
  ADD KEY `district_id` (`district_id`) USING BTREE;

--
-- AUTO_INCREMENT for dumped tables
--

--
-- AUTO_INCREMENT for table `district`
--
ALTER TABLE `district`
  MODIFY `id` int(2) NOT NULL AUTO_INCREMENT, AUTO_INCREMENT=25;
--
-- AUTO_INCREMENT for table `gallery`
--
ALTER TABLE `gallery`
  MODIFY `id` int(11) NOT NULL AUTO_INCREMENT;
--
-- AUTO_INCREMENT for table `house`
--
ALTER TABLE `house`
  MODIFY `id` int(11) NOT NULL AUTO_INCREMENT, AUTO_INCREMENT=2;
--
-- AUTO_INCREMENT for table `location`
--
ALTER TABLE `location`
  MODIFY `id` int(11) NOT NULL AUTO_INCREMENT;
--
-- AUTO_INCREMENT for table `project`
--
ALTER TABLE `project`
  MODIFY `id` int(4) NOT NULL AUTO_INCREMENT, AUTO_INCREMENT=890;
--
-- AUTO_INCREMENT for table `street`
--
ALTER TABLE `street`
  MODIFY `id` int(4) NOT NULL AUTO_INCREMENT, AUTO_INCREMENT=4301;
--
-- AUTO_INCREMENT for table `type_of_house`
--
ALTER TABLE `type_of_house`
  MODIFY `id` int(1) NOT NULL AUTO_INCREMENT, AUTO_INCREMENT=14;
--
-- AUTO_INCREMENT for table `user`
--
ALTER TABLE `user`
  MODIFY `id` int(11) NOT NULL AUTO_INCREMENT, AUTO_INCREMENT=18;
--
-- AUTO_INCREMENT for table `ward`
--
ALTER TABLE `ward`
  MODIFY `id` int(3) NOT NULL AUTO_INCREMENT, AUTO_INCREMENT=327;
--
-- Constraints for dumped tables
--

--
-- Constraints for table `house`
--
ALTER TABLE `house`
  ADD CONSTRAINT `house_ibfk_1` FOREIGN KEY (`type_of_house_id`) REFERENCES `type_of_house` (`id`),
  ADD CONSTRAINT `house_ibfk_2` FOREIGN KEY (`location_id`) REFERENCES `location` (`id`),
  ADD CONSTRAINT `house_ibfk_3` FOREIGN KEY (`picture1_id`) REFERENCES `gallery` (`id`),
  ADD CONSTRAINT `house_ibfk_4` FOREIGN KEY (`picture2_id`) REFERENCES `gallery` (`id`),
  ADD CONSTRAINT `house_ibfk_5` FOREIGN KEY (`user_id`) REFERENCES `user` (`id`);

--
-- Constraints for table `location`
--
ALTER TABLE `location`
  ADD CONSTRAINT `location_ibfk_1` FOREIGN KEY (`street_id`) REFERENCES `street` (`id`),
  ADD CONSTRAINT `location_ibfk_2` FOREIGN KEY (`district_id`) REFERENCES `district` (`id`),
  ADD CONSTRAINT `location_ibfk_3` FOREIGN KEY (`ward_id`) REFERENCES `ward` (`id`);

--
-- Constraints for table `project`
--
ALTER TABLE `project`
  ADD CONSTRAINT `project` FOREIGN KEY (`district_id`) REFERENCES `district` (`id`);

--
-- Constraints for table `street`
--
ALTER TABLE `street`
  ADD CONSTRAINT `street_ibfk` FOREIGN KEY (`district_id`) REFERENCES `district` (`id`);

--
-- Constraints for table `user`
--
ALTER TABLE `user`
  ADD CONSTRAINT `user_ibfk_1` FOREIGN KEY (`avatar_id`) REFERENCES `gallery` (`id`);

--
-- Constraints for table `ward`
--
ALTER TABLE `ward`
  ADD CONSTRAINT `ward_ibfk` FOREIGN KEY (`district_id`) REFERENCES `district` (`id`);

/*!40101 SET CHARACTER_SET_CLIENT=@OLD_CHARACTER_SET_CLIENT */;
/*!40101 SET CHARACTER_SET_RESULTS=@OLD_CHARACTER_SET_RESULTS */;
/*!40101 SET COLLATION_CONNECTION=@OLD_COLLATION_CONNECTION */;
